{
"type": "FeatureCollection",
"name": "nuts4_sa_napoli",
"crs": { "type": "name", "properties": { "name": "urn:ogc:def:crs:OGC:1.3:CRS84" } },
"features": [
{ "type": "Feature", "properties": { "nuts_name": "Procida_alta_ris" }, "geometry": { "type": "MultiPolygon", "coordinates": [ [ [ [ 14.017074240030343, 40.769837774518642 ], [ 14.017169437910427, 40.769775100674813 ], [ 14.017280811431419, 40.769741371138856 ], [ 14.017308246001708, 40.769643001439512 ], [ 14.01739535047132, 40.76963190290968 ], [ 14.017639333126819, 40.76949899854349 ], [ 14.017794754865708, 40.769353082553451 ], [ 14.017859806061468, 40.769316815949978 ], [ 14.017973180093181, 40.769287109547967 ], [ 14.018088383178693, 40.769134685711819 ], [ 14.018089095351671, 40.769085607193148 ], [ 14.018138678240796, 40.76900627935624 ], [ 14.018169800599889, 40.768966199431304 ], [ 14.018212617280787, 40.768914861304232 ], [ 14.018233864546884, 40.768873388659514 ], [ 14.018286995448944, 40.768812546033423 ], [ 14.01828755664982, 40.768755987685971 ], [ 14.01827058110463, 40.768732222017825 ], [ 14.018330502114825, 40.768578409421309 ], [ 14.018419775676845, 40.768542361406922 ], [ 14.018485753953826, 40.768444763616301 ], [ 14.018506902734719, 40.768303261826738 ], [ 14.018544908311373, 40.76826118545565 ], [ 14.018529672815177, 40.768199711131302 ], [ 14.018677225673169, 40.767980713529028 ], [ 14.018859609785942, 40.767837713626513 ], [ 14.01892845412873, 40.767690665862212 ], [ 14.018963747708082, 40.767540565669499 ], [ 14.019138998629263, 40.767361864165125 ], [ 14.01954338533651, 40.76711012925783 ], [ 14.019824415239075, 40.766989840349744 ], [ 14.02000981977597, 40.766945742744177 ], [ 14.020287902609136, 40.766884087769107 ], [ 14.020450749843679, 40.766795964760199 ], [ 14.020513719425281, 40.766698682556729 ], [ 14.020583790505688, 40.766587573637061 ], [ 14.021069244029185, 40.766449364756916 ], [ 14.021548868814758, 40.766329666304586 ], [ 14.021675995107399, 40.766310346069872 ], [ 14.021935628874107, 40.766249509091551 ], [ 14.022307592632156, 40.766206268526773 ], [ 14.022706849527157, 40.766220359464192 ], [ 14.023085776689042, 40.766239835182631 ], [ 14.023470455692667, 40.766227547310706 ], [ 14.023945344866123, 40.766175310637337 ], [ 14.024071381369676, 40.766187823040525 ], [ 14.024173520128382, 40.766198300968554 ], [ 14.02427745750191, 40.766260531588976 ], [ 14.024464940191596, 40.766557789855334 ], [ 14.024633064231828, 40.766766648426156 ], [ 14.025305372210916, 40.767680397008284 ], [ 14.026051653004577, 40.768502718703061 ], [ 14.026369729412096, 40.768818316954921 ], [ 14.026481565154189, 40.768892887391097 ], [ 14.027106606010948, 40.769180398603204 ], [ 14.027691385683609, 40.769461423065174 ], [ 14.028100438256926, 40.769624405045434 ], [ 14.028365110937372, 40.769730926749773 ], [ 14.028429102572035, 40.769768290445953 ], [ 14.028528118988881, 40.769615736127584 ], [ 14.027966539139284, 40.769402386598337 ], [ 14.027301539628843, 40.769090016464475 ], [ 14.027326885338068, 40.769010468459356 ], [ 14.027142084951077, 40.768959812400901 ], [ 14.02703670121765, 40.768995742407327 ], [ 14.026892398606128, 40.768933175784206 ], [ 14.026652209152347, 40.768808432500187 ], [ 14.026468042090322, 40.768714838874303 ], [ 14.025920805908781, 40.768072128360188 ], [ 14.02553213007544, 40.767620951977541 ], [ 14.025199551914049, 40.76719479845692 ], [ 14.024821703497876, 40.766553502739789 ], [ 14.025032862891392, 40.766457122181521 ], [ 14.024939575969974, 40.766217045111993 ], [ 14.025077393656142, 40.766169115799038 ], [ 14.02517876275861, 40.766409266684988 ], [ 14.025592244368166, 40.766265495944211 ], [ 14.025474594644665, 40.7660374915503 ], [ 14.025524993091471, 40.766011817356983 ], [ 14.025623730862282, 40.765966995397861 ], [ 14.025768524497902, 40.76620827411918 ], [ 14.026816607773721, 40.765834073167582 ], [ 14.027584000165925, 40.765760784211558 ], [ 14.028149142217458, 40.765728723874581 ], [ 14.028326398509872, 40.765742498392811 ], [ 14.028778882157294, 40.765691089941789 ], [ 14.029109924016225, 40.765669325521934 ], [ 14.02943784232717, 40.765862290052617 ], [ 14.030050738088576, 40.765873585192651 ], [ 14.030104978008493, 40.766027428957841 ], [ 14.030032406863214, 40.766229095352443 ], [ 14.029946471715343, 40.76638808846328 ], [ 14.029846735699602, 40.766589725402447 ], [ 14.029722708190251, 40.766797290965876 ], [ 14.029409964918591, 40.767224156172325 ], [ 14.029270431840448, 40.767388642746873 ], [ 14.028851570625267, 40.767900498955839 ], [ 14.02880254633981, 40.767943039323093 ], [ 14.028681310665954, 40.767960415697935 ], [ 14.028575203639241, 40.768045425144443 ], [ 14.028662753439765, 40.768125921653741 ], [ 14.028779541975043, 40.768170051474598 ], [ 14.028870949064693, 40.76823197889221 ], [ 14.029017296616566, 40.76815345018364 ], [ 14.02907127577101, 40.768103280682958 ], [ 14.029117553561411, 40.768020236498181 ], [ 14.029286391672731, 40.767805771692139 ], [ 14.029584638226662, 40.767415810716052 ], [ 14.029634459963372, 40.767318064566837 ], [ 14.029788650182031, 40.767351673583043 ], [ 14.030038346512912, 40.767453293479008 ], [ 14.030573518544392, 40.767645015505039 ], [ 14.031046737952112, 40.767833043087087 ], [ 14.031994239558788, 40.768135512626174 ], [ 14.032435823265491, 40.76828033211153 ], [ 14.03255883640268, 40.76833742550324 ], [ 14.032692676436255, 40.768368379194854 ], [ 14.032775566905059, 40.768215692694291 ], [ 14.032752774005267, 40.768117322429191 ], [ 14.032438655644389, 40.768084018114862 ], [ 14.032021200332565, 40.767945537490277 ], [ 14.031684293016403, 40.767813861372851 ], [ 14.030721127953377, 40.767480597577965 ], [ 14.030159374135108, 40.767279528071739 ], [ 14.029726305323853, 40.767104105583719 ], [ 14.029849628394, 40.766945601033001 ], [ 14.030072660831832, 40.766585476681449 ], [ 14.030123376203939, 40.766426381203487 ], [ 14.030225900087842, 40.766184628761934 ], [ 14.030248421244286, 40.766012586625855 ], [ 14.030229498010724, 40.765902447499258 ], [ 14.030384393442317, 40.765745548272236 ], [ 14.030521538712312, 40.765581993992264 ], [ 14.03067006142401, 40.765443148461905 ], [ 14.030791408859081, 40.765419627498893 ], [ 14.031130340818795, 40.765410217236003 ], [ 14.031477142353255, 40.765413128079253 ], [ 14.032088442497042, 40.765534820578736 ], [ 14.03209464913895, 40.765663715792499 ], [ 14.032417000099965, 40.765684839750598 ], [ 14.032610646712699, 40.765680319879969 ], [ 14.032795374944715, 40.765737092699936 ], [ 14.03314952975772, 40.765789150125677 ], [ 14.033471717513549, 40.765822522954352 ], [ 14.033478723409599, 40.765896213431503 ], [ 14.033467907447232, 40.766086312997636 ], [ 14.033456200827802, 40.766337776851373 ], [ 14.033380038109943, 40.766582565936417 ], [ 14.033321438827777, 40.766729322489219 ], [ 14.033190091331852, 40.766887738556534 ], [ 14.03302637731065, 40.767052034503791 ], [ 14.033097182026356, 40.767175338348459 ], [ 14.03302431735252, 40.767193146850992 ], [ 14.03291929460342, 40.767204523842999 ], [ 14.032854507681531, 40.767222384209511 ], [ 14.032789154257634, 40.767225021028068 ], [ 14.032650686932788, 40.767312112572263 ], [ 14.032690954587624, 40.767374409033351 ], [ 14.032770822654932, 40.767430291373714 ], [ 14.032859711999706, 40.767418771782474 ], [ 14.032916274881101, 40.767413108756635 ], [ 14.033061982479527, 40.76737751079358 ], [ 14.033387288346374, 40.767196173986889 ], [ 14.033510039390642, 40.767074493217713 ], [ 14.033585033715035, 40.766909468269958 ], [ 14.033636370684579, 40.766707417428982 ], [ 14.033788577514937, 40.766223986253245 ], [ 14.033851877405649, 40.765864054927562 ], [ 14.033842700478449, 40.765576347887134 ], [ 14.033890818126579, 40.765547230537692 ], [ 14.034132674206369, 40.765496142491457 ], [ 14.034268371062781, 40.765454272378953 ], [ 14.034337369903147, 40.765433165853132 ], [ 14.034438191699028, 40.765370450783401 ], [ 14.034680785193679, 40.765355119932082 ], [ 14.034995968146402, 40.765289206600954 ], [ 14.035255121894028, 40.765217742835411 ], [ 14.035361754245821, 40.765095935135498 ], [ 14.035508435937089, 40.764992860067778 ], [ 14.035961954178028, 40.764867789167297 ], [ 14.036034559437118, 40.764868393276224 ], [ 14.036260739444492, 40.764845756905466 ], [ 14.036567505287596, 40.764829898591266 ], [ 14.036817621830529, 40.764825851247672 ], [ 14.036874601087321, 40.764789522089202 ], [ 14.036948000972217, 40.764734904112466 ], [ 14.037015188585942, 40.764672275642383 ], [ 14.036999837310791, 40.764496062621951 ], [ 14.036989451851845, 40.764430304691132 ], [ 14.036899772161119, 40.764330694424963 ], [ 14.036857841439767, 40.76427398416115 ], [ 14.036850321870526, 40.764237122581157 ], [ 14.036716735728165, 40.763990574567735 ], [ 14.036568565495374, 40.764197952080799 ], [ 14.036479123175052, 40.764246283236353 ], [ 14.036446593209382, 40.764264430472622 ], [ 14.036414156929524, 40.764276415230185 ], [ 14.036313294479077, 40.764278652987251 ], [ 14.03626899509065, 40.764275207099828 ], [ 14.036165023731444, 40.76421298897818 ], [ 14.036036673955808, 40.764162827842171 ], [ 14.035900454819309, 40.764100340253187 ], [ 14.035780980021919, 40.763995026966896 ], [ 14.035670727188624, 40.763810039992315 ], [ 14.035697396975603, 40.763638477255959 ], [ 14.035724272481334, 40.76345462748602 ], [ 14.035759183057761, 40.763270851163568 ], [ 14.035769550563211, 40.763111415284918 ], [ 14.035820084712613, 40.762964589953036 ], [ 14.035839582761445, 40.762731589751397 ], [ 14.035970215803021, 40.762622248476838 ], [ 14.035955596149307, 40.762517823005524 ], [ 14.036085690129527, 40.762445288855716 ], [ 14.036088629563848, 40.762242829838918 ], [ 14.036202588238547, 40.762170156054061 ], [ 14.036348213383622, 40.76214069896691 ], [ 14.036469644931358, 40.762111027152145 ], [ 14.036550629748751, 40.76208716386806 ], [ 14.036599927911611, 40.762026222346435 ], [ 14.036585819690359, 40.761884990026481 ], [ 14.036400937864226, 40.761840492649803 ], [ 14.036409905822667, 40.76177921343556 ], [ 14.036321188102999, 40.761778466336217 ], [ 14.036265610694283, 40.761716657289377 ], [ 14.036203209781037, 40.761568870121245 ], [ 14.03609048992435, 40.761555658739361 ], [ 14.036010178909628, 40.761530444022043 ], [ 14.03591315277148, 40.761548038209746 ], [ 14.035786681968039, 40.761484812406287 ], [ 14.035762927131486, 40.761338174018526 ], [ 14.035562447897826, 40.761256741096595 ], [ 14.035483294125973, 40.761191960953063 ], [ 14.035379601148501, 40.761071150578495 ], [ 14.035260134347373, 40.760965853398922 ], [ 14.035632116441459, 40.760931416972547 ], [ 14.035839687542985, 40.760922964031643 ], [ 14.036215278212778, 40.760865025461634 ], [ 14.036191837197276, 40.76079015628666 ], [ 14.036022790439382, 40.760756508803439 ], [ 14.03595124948624, 40.76076609230072 ], [ 14.035710090327104, 40.760784442035046 ], [ 14.035562308746666, 40.760822234379631 ], [ 14.035314991858483, 40.760801502991612 ], [ 14.035077569059933, 40.760761845166599 ], [ 14.035004989551798, 40.760761240157208 ], [ 14.034614579647412, 40.760635746943635 ], [ 14.034413680255257, 40.760375897735322 ], [ 14.0342974146608, 40.76004972498977 ], [ 14.033920149006054, 40.759923857952863 ], [ 14.033729348906627, 40.759732064239941 ], [ 14.03354606598171, 40.759577135736862 ], [ 14.033459481110798, 40.759429149342481 ], [ 14.033403742257734, 40.759379608620975 ], [ 14.033332127250709, 40.759311509929134 ], [ 14.033301119401589, 40.759225352877351 ], [ 14.033212261301612, 40.759196086447375 ], [ 14.033180947555504, 40.759115495177092 ], [ 14.033140417876302, 40.759021071454789 ], [ 14.033052317098782, 40.758903372067856 ], [ 14.032986990771629, 40.758802693721428 ], [ 14.03293037113291, 40.758748820977829 ], [ 14.032858710213135, 40.758649360372523 ], [ 14.032794138190649, 40.758589138456536 ], [ 14.032689994024953, 40.758539187269939 ], [ 14.032650299394197, 40.758495912507392 ], [ 14.032585248831255, 40.758461694519845 ], [ 14.032552971948043, 40.758445975593141 ], [ 14.03253854559426, 40.758415204861429 ], [ 14.032506648533474, 40.758390399214498 ], [ 14.032354215242025, 40.758333908248474 ], [ 14.03217688670669, 40.75832628321502 ], [ 14.032062811279353, 40.758405080435686 ], [ 14.032086578067986, 40.758679961143649 ], [ 14.032081381158115, 40.758757154541094 ], [ 14.032060006688219, 40.758831124204256 ], [ 14.031993025483054, 40.758969598629903 ], [ 14.031950525187424, 40.759098998799658 ], [ 14.031897580379539, 40.759231988721339 ], [ 14.031849932322356, 40.759314430258279 ], [ 14.031869547131619, 40.759495600644549 ], [ 14.031859072833285, 40.759661160654964 ], [ 14.031832750320271, 40.759808200904061 ], [ 14.031790920221887, 40.759912144108036 ], [ 14.031797476596903, 40.76001651663222 ], [ 14.031820685618456, 40.76008420585196 ], [ 14.031786656239071, 40.760206616333434 ], [ 14.031760656980527, 40.76032911786821 ], [ 14.031742671149225, 40.760457816448316 ], [ 14.03170144995255, 40.760518824239732 ], [ 14.0316207234295, 40.760524270593095 ], [ 14.031242189018602, 40.760484282102226 ], [ 14.031073006604881, 40.760470602898145 ], [ 14.030872186193303, 40.760413698413835 ], [ 14.030742086067537, 40.760486226033947 ], [ 14.030870142610835, 40.760554791201663 ], [ 14.030958508048705, 40.76058008162429 ], [ 14.031175628794681, 40.760624857109121 ], [ 14.031377157610102, 40.760632681840271 ], [ 14.031618848166127, 40.760653112184606 ], [ 14.031640553790355, 40.760825083296517 ], [ 14.031662519637388, 40.760978661528981 ], [ 14.031677226536383, 40.761076961483262 ], [ 14.03168403899163, 40.761162902603864 ], [ 14.031650620954299, 40.761242396467836 ], [ 14.031698043516457, 40.761310282394234 ], [ 14.031645452011515, 40.76147683434322 ], [ 14.03155852968561, 40.761474770688501 ], [ 14.031330298568957, 40.761638508729398 ], [ 14.031128485693561, 40.761649099484544 ], [ 14.030862340553456, 40.761646865138232 ], [ 14.030483004194103, 40.761662079890613 ], [ 14.030120438496942, 40.761634482791301 ], [ 14.030023665725404, 40.761633676732146 ], [ 14.029387862451934, 40.761536295549817 ], [ 14.029073587936239, 40.761515248361725 ], [ 14.028695145548525, 40.761469108010076 ], [ 14.028389116110516, 40.761435863668325 ], [ 14.028228621067875, 40.761379278248448 ], [ 14.028176431362468, 40.761363505946285 ], [ 14.028044124237148, 40.761310243860272 ], [ 14.028001832151434, 40.761266897252909 ], [ 14.027857670039957, 40.761210169616824 ], [ 14.027722119671173, 40.761189094909319 ], [ 14.027583632907438, 40.761151296465165 ], [ 14.027466107044784, 40.761121302277566 ], [ 14.027369785569329, 40.761089811982259 ], [ 14.027281420520511, 40.761064518760662 ], [ 14.027185099445271, 40.761033047197081 ], [ 14.026903617616732, 40.760975438382957 ], [ 14.026697796263901, 40.760756647954196 ], [ 14.026671102545437, 40.760667776927903 ], [ 14.026721322338306, 40.760598061412139 ], [ 14.026682815946742, 40.760568228882065 ], [ 14.026709162139465, 40.760482961537456 ], [ 14.026686474476183, 40.760378461993248 ], [ 14.026672576473372, 40.760224955293154 ], [ 14.0266084712378, 40.760161816624951 ], [ 14.026602781052413, 40.760034172360768 ], [ 14.026427309566243, 40.759897697605844 ], [ 14.026297914324319, 40.759921160958442 ], [ 14.026176763388918, 40.759932405703651 ], [ 14.026063858391751, 40.759931452503373 ], [ 14.025919411959659, 40.759881153354797 ], [ 14.025798426250857, 40.759880128633831 ], [ 14.02575032485036, 40.759861318097137 ], [ 14.025516692389589, 40.759840929549398 ], [ 14.025355945562373, 40.759802770333266 ], [ 14.025154940910104, 40.759758109397751 ], [ 14.025050185025327, 40.759751102944612 ], [ 14.024977892494098, 40.759732077693911 ], [ 14.02491337071862, 40.759731538589982 ], [ 14.024760489987949, 40.759705703071816 ], [ 14.024630834718232, 40.759747558320498 ], [ 14.024692699149567, 40.759929073004209 ], [ 14.02463899326767, 40.759923681438657 ], [ 14.024561426892101, 40.759886557717778 ], [ 14.024444172968426, 40.759825736751637 ], [ 14.024292449066563, 40.759720141301287 ], [ 14.024132861111804, 40.759602217351983 ], [ 14.023812432275859, 40.759452261840877 ], [ 14.023684289255032, 40.759389815679057 ], [ 14.023444043917847, 40.759271206929903 ], [ 14.023204441751639, 40.759109664345054 ], [ 14.023101128436924, 40.759004478457754 ], [ 14.022724053367343, 40.758866303009441 ], [ 14.022325672343978, 40.758531610975304 ], [ 14.022038850775996, 40.758289888934506 ], [ 14.021872276554467, 40.758098271254383 ], [ 14.021402588242882, 40.757677073872635 ], [ 14.020837206890921, 40.757181440446267 ], [ 14.020654860431437, 40.756965139640627 ], [ 14.020512037211297, 40.756804402297959 ], [ 14.020321568062014, 40.756594190407121 ], [ 14.020164866376296, 40.756279944018985 ], [ 14.020055668738351, 40.75602744624949 ], [ 14.019889410778983, 40.755265235449897 ], [ 14.019869632906094, 40.754964417536776 ], [ 14.019867063910903, 40.754590126105484 ], [ 14.01989431788499, 40.75438175715292 ], [ 14.01996189404117, 40.754173713277609 ], [ 14.020059652695348, 40.754107051487182 ], [ 14.020155799328849, 40.7541508194439 ], [ 14.020293809672008, 40.754139488826461 ], [ 14.0204893290674, 40.754229997871583 ], [ 14.020641080617414, 40.754250392825561 ], [ 14.020679527613879, 40.754185931011619 ], [ 14.021028003043487, 40.754072323121896 ], [ 14.021359345713535, 40.754026044190738 ], [ 14.021657804865843, 40.75402244918547 ], [ 14.021864346024623, 40.75402597575227 ], [ 14.022061698488079, 40.753954343646605 ], [ 14.022205519146505, 40.753840016536437 ], [ 14.022315748128927, 40.753839722816714 ], [ 14.022391004145726, 40.753777915014496 ], [ 14.022433585158547, 40.753695018587592 ], [ 14.022403323072908, 40.753588305003639 ], [ 14.022449434950637, 40.753532265020333 ], [ 14.02262229920597, 40.75337166268595 ], [ 14.022670869940347, 40.753220997520323 ], [ 14.022646941480067, 40.753159017947056 ], [ 14.0226422020621, 40.753096199345286 ], [ 14.022738360882871, 40.752997467143196 ], [ 14.022896367958824, 40.752963559816941 ], [ 14.023183312365427, 40.753000565794558 ], [ 14.023360861638576, 40.752803744871997 ], [ 14.023481930784948, 40.752613888301902 ], [ 14.02365757467841, 40.752480174561427 ], [ 14.023787299260947, 40.752375477682925 ], [ 14.023839951009521, 40.752220116015025 ], [ 14.02402806270527, 40.752153381141042 ], [ 14.024322220121885, 40.75199199803339 ], [ 14.024526543558119, 40.751866029384018 ], [ 14.024589443725979, 40.751777745398833 ], [ 14.02462465051568, 40.751695188078976 ], [ 14.024553467227156, 40.751536235717467 ], [ 14.024474313905708, 40.751409141595623 ], [ 14.024546277773496, 40.75134297528227 ], [ 14.024736278220402, 40.751321167119329 ], [ 14.024955133564614, 40.751338627453805 ], [ 14.025042569659258, 40.751330311780436 ], [ 14.025199574627532, 40.751224423446956 ], [ 14.025264426434299, 40.751064029573769 ], [ 14.025288875215946, 40.750936913411259 ], [ 14.025367677799835, 40.750892964004862 ], [ 14.025461438938249, 40.750821345659162 ], [ 14.025509155863364, 40.750630189247033 ], [ 14.02539435478916, 40.750540664128209 ], [ 14.025315591155636, 40.750467563733714 ], [ 14.025164003827443, 40.750312120699817 ], [ 14.024937382390151, 40.750132939509704 ], [ 14.024797217597964, 40.750017949767525 ], [ 14.024653053741757, 40.749949233187309 ], [ 14.024348168388164, 40.749842353399892 ], [ 14.024243522331014, 40.749829202594512 ], [ 14.024146578083759, 40.749840643544211 ], [ 14.023920872675003, 40.749832606471017 ], [ 14.023678252037811, 40.749879630608277 ], [ 14.023459533005191, 40.749945267685781 ], [ 14.023240486481225, 40.750035458574509 ], [ 14.023045792988697, 40.750113560771624 ], [ 14.022760856293072, 40.750295226464281 ], [ 14.022273974430448, 40.750499716654929 ], [ 14.021876240912825, 40.750674279604453 ], [ 14.021722318057323, 40.750722058153585 ], [ 14.021575641145452, 40.750825113442943 ], [ 14.021413921062036, 40.750854424290679 ], [ 14.021113486730275, 40.750992986956199 ], [ 14.020927480932469, 40.751028224573687 ], [ 14.020846313593841, 40.75106434471995 ], [ 14.02062768299152, 40.751123849341035 ], [ 14.020448216221231, 40.75126344241702 ], [ 14.02036621650333, 40.751354787303043 ], [ 14.02012142585752, 40.75154904200371 ], [ 14.019900443526856, 40.751768053954635 ], [ 14.0198183715548, 40.751865523999932 ], [ 14.019783869151675, 40.752018616878139 ], [ 14.01970051307951, 40.752201975042453 ], [ 14.019638897503254, 40.752005115274386 ], [ 14.019663705020299, 40.751962379757529 ], [ 14.019632813405622, 40.751870075002849 ], [ 14.019626183745268, 40.751771844135831 ], [ 14.019719173374961, 40.751612072905438 ], [ 14.019644329312491, 40.751394768565703 ], [ 14.019546623427384, 40.751178442103132 ], [ 14.019419455625723, 40.751021558278957 ], [ 14.019074795353003, 40.750877512495045 ], [ 14.018747149286924, 40.750672243749577 ], [ 14.01828941097995, 40.750539505096476 ], [ 14.017951908873279, 40.750456879070832 ], [ 14.017767712782389, 40.750369412088233 ], [ 14.017575078851971, 40.750306412261068 ], [ 14.017333715140225, 40.750267551300773 ], [ 14.017197183514766, 40.750229561891921 ], [ 14.016947024126777, 40.750239708699752 ], [ 14.016850171026032, 40.75024501713456 ], [ 14.01630926592529, 40.750283359170943 ], [ 14.016196447822839, 40.750276270711481 ], [ 14.016156222235649, 40.750269780754451 ], [ 14.016076313211498, 40.750220012234053 ], [ 14.015955078667204, 40.750119528581926 ], [ 14.01571348712193, 40.75002649996933 ], [ 14.015395524466442, 40.749901305319277 ], [ 14.015194747638208, 40.749844371615389 ], [ 14.014937894203419, 40.749762408869735 ], [ 14.014666171381286, 40.7495944281128 ], [ 14.01444383374276, 40.749359388340615 ], [ 14.014234454769422, 40.749339191905364 ], [ 14.014179167319234, 40.749258956720098 ], [ 14.014180361935432, 40.749179191157047 ], [ 14.014130021242829, 40.749132114720155 ], [ 14.014117754431672, 40.749038112079809 ], [ 14.014008464632553, 40.748903324836043 ], [ 14.013916862664583, 40.748767769822223 ], [ 14.013805030708367, 40.748678103471718 ], [ 14.013639465045197, 40.748671464882598 ], [ 14.013349466198058, 40.748650574072414 ], [ 14.013139994359854, 40.748636516437635 ], [ 14.012826046156034, 40.748597009816905 ], [ 14.012859578864003, 40.748511394685025 ], [ 14.012917664218893, 40.748401457929702 ], [ 14.013048023878447, 40.748310536113991 ], [ 14.01318964372245, 40.748004974221686 ], [ 14.013330353801432, 40.747760743239688 ], [ 14.013474310851771, 40.747558061486409 ], [ 14.013386215301537, 40.747449364751091 ], [ 14.013135252331994, 40.747437781068932 ], [ 14.012631318455266, 40.747279647578367 ], [ 14.012567261022095, 40.747214913923408 ], [ 14.01262958064699, 40.747159610885774 ], [ 14.012800711396007, 40.747038354069709 ], [ 14.012940250738332, 40.746873886304506 ], [ 14.013055576680189, 40.746709219467576 ], [ 14.013228072011835, 40.746495946976388 ], [ 14.013449229853203, 40.746264697172592 ], [ 14.013507953249064, 40.746111805389155 ], [ 14.01342296515476, 40.745859518453784 ], [ 14.013409750985558, 40.745663072600706 ], [ 14.013494099295173, 40.745412223060839 ], [ 14.0135362229672, 40.745304511740898 ], [ 14.013529616948581, 40.745191656705579 ], [ 14.013499790496335, 40.745025733253399 ], [ 14.013541667641521, 40.744921794339696 ], [ 14.013542741359478, 40.74484817442395 ], [ 14.013465284788422, 40.744632768338953 ], [ 14.013555891840081, 40.744504691903025 ], [ 14.013653356559709, 40.744456432762775 ], [ 14.013705913669419, 40.744174645855054 ], [ 14.013821784990034, 40.743973166196291 ], [ 14.014103448404251, 40.7434663276889 ], [ 14.014466173245809, 40.742929497367001 ], [ 14.01474421895103, 40.742668034777054 ], [ 14.015037918922257, 40.742437382120194 ], [ 14.015738447155943, 40.741958647282992 ], [ 14.016130528551344, 40.741618403228735 ], [ 14.016451027200157, 40.741210043921022 ], [ 14.016683647253892, 40.740745735225488 ], [ 14.016766785016861, 40.740574649762678 ], [ 14.017150439140948, 40.740258850418954 ], [ 14.017363747401882, 40.740009109236063 ], [ 14.017423986143701, 40.739751932114771 ], [ 14.017532593896725, 40.739495154404715 ], [ 14.01761811319318, 40.739431998628099 ], [ 14.017412350591931, 40.739283406592975 ], [ 14.017281875440061, 40.739230565489102 ], [ 14.016697629865067, 40.739248761624737 ], [ 14.016494711292722, 40.739339067489965 ], [ 14.01636434831909, 40.739429993078161 ], [ 14.016041412840893, 40.739457910217546 ], [ 14.015628044280483, 40.739601637692509 ], [ 14.015417264376426, 40.739679618022286 ], [ 14.014801809674777, 40.739858421074779 ], [ 14.014511275727157, 40.739874357826629 ], [ 14.014220931533584, 40.739878005677916 ], [ 14.013467960439989, 40.740086321619977 ], [ 14.013135671572334, 40.740200048044173 ], [ 14.012849668837269, 40.740455306695871 ], [ 14.012177868747932, 40.74062747816626 ], [ 14.011907442294326, 40.740919674029882 ], [ 14.011254810001011, 40.741429472547651 ], [ 14.010835913995592, 40.741699159671448 ], [ 14.010603798734792, 40.741828857816856 ], [ 14.010245221007498, 40.742083471142131 ], [ 14.01002344177571, 40.74235766610775 ], [ 14.009810624767702, 40.742570588815894 ], [ 14.009654233481141, 40.742783984665316 ], [ 14.009570329855041, 40.743004147102262 ], [ 14.009536362345555, 40.743120427339207 ], [ 14.009239637212913, 40.74355350890503 ], [ 14.009195855823146, 40.743786289550499 ], [ 14.009107215797094, 40.744325451993241 ], [ 14.009035525111207, 40.74480955323034 ], [ 14.009066037239302, 40.744926401462379 ], [ 14.009103356348446, 40.745129193803024 ], [ 14.009028580477628, 40.745275793370695 ], [ 14.009010288383225, 40.745422901985336 ], [ 14.009072557675536, 40.745521331087787 ], [ 14.00907955579429, 40.745575036060856 ], [ 14.009138720683309, 40.745653500721119 ], [ 14.009210967262343, 40.745708881925893 ], [ 14.009190902409314, 40.745749639700222 ], [ 14.009197875607626, 40.745823312870996 ], [ 14.009188620128471, 40.745903003352581 ], [ 14.009154649722944, 40.746019282719992 ], [ 14.009169220171334, 40.746123714508087 ], [ 14.009112597891146, 40.74613550854793 ], [ 14.009039675737212, 40.746159425540434 ], [ 14.009004371127473, 40.746159043886671 ], [ 14.008903244990631, 40.746122916227272 ], [ 14.008742521646255, 40.746077098797102 ], [ 14.008531424687497, 40.746173464045448 ], [ 14.008425584921861, 40.74624004080372 ], [ 14.008404140560522, 40.746333703776294 ], [ 14.008408240749029, 40.746378553848288 ], [ 14.008359535838135, 40.746343776260062 ], [ 14.008350474132556, 40.746411198152813 ], [ 14.008277164241944, 40.746459653547625 ], [ 14.008294879240008, 40.746514035801631 ], [ 14.008199079647577, 40.746558712063823 ], [ 14.008091471806255, 40.746554396922136 ], [ 14.007965388573346, 40.746609389408434 ], [ 14.007871283200741, 40.746640219902254 ], [ 14.007852274985297, 40.746708846937395 ], [ 14.007743668056552, 40.74674058455048 ], [ 14.007610711943823, 40.746723855477413 ], [ 14.007265571994871, 40.746738866829126 ], [ 14.007099448564539, 40.746665071206849 ], [ 14.007014315278347, 40.746664274825982 ], [ 14.006931306315032, 40.746780418398394 ], [ 14.006873355570809, 40.746895491011607 ], [ 14.006799478596758, 40.747024753435191 ], [ 14.006684425830287, 40.747029757093472 ], [ 14.006479200259509, 40.746977981175043 ], [ 14.006077455369837, 40.746898591465715 ], [ 14.005900567617783, 40.746844143478249 ], [ 14.005809122855698, 40.747027421485889 ], [ 14.006282757597846, 40.747172629594267 ], [ 14.006508338391189, 40.747186846560922 ], [ 14.006604823300306, 40.747206066960253 ], [ 14.006659906237482, 40.747298576778569 ], [ 14.006675125650638, 40.747360073477765 ], [ 14.006737986460642, 40.74743707044491 ], [ 14.006806688616564, 40.747681683277648 ], [ 14.006863066164767, 40.747735949104197 ], [ 14.006976166825396, 40.747908395213294 ], [ 14.007064783198077, 40.748152141746971 ], [ 14.007207994597215, 40.74840156998922 ], [ 14.007270506040006, 40.748537089473629 ], [ 14.007273249865388, 40.748602243024656 ], [ 14.007117568843872, 40.748726065581586 ], [ 14.007015121350575, 40.748879086824516 ], [ 14.006594756669383, 40.748966901412167 ], [ 14.005915954550892, 40.749059224150102 ], [ 14.005735359135231, 40.749045485529571 ], [ 14.005479787489802, 40.749104540870817 ], [ 14.005476621641366, 40.749016963393338 ], [ 14.005466037885844, 40.748944901905091 ], [ 14.005369187128313, 40.748950200504176 ], [ 14.005342614485798, 40.749109509219494 ], [ 14.004980045686901, 40.749087970899062 ], [ 14.00476304826768, 40.749037015286277 ], [ 14.004466997084235, 40.748881075226983 ], [ 14.004053503868302, 40.748341599827228 ], [ 14.004038779000178, 40.747852737370607 ], [ 14.004876450296818, 40.747381381610623 ], [ 14.005476450608901, 40.747705600694971 ], [ 14.005717898715915, 40.747738361744538 ], [ 14.005774886364543, 40.74770204765148 ], [ 14.005799533732883, 40.747671583000397 ], [ 14.005824903335469, 40.747643355830391 ], [ 14.005826626280919, 40.747607252372774 ], [ 14.005711633323186, 40.74755374390373 ], [ 14.005609358200996, 40.747472652831497 ], [ 14.005038988968266, 40.747168830318493 ], [ 14.004923598259259, 40.747061294605466 ], [ 14.005069946586369, 40.746852360685608 ], [ 14.005220382382948, 40.746530696587257 ], [ 14.005172666286038, 40.746445203632398 ], [ 14.005003964416428, 40.746378045485677 ], [ 14.005075445612489, 40.746275901642214 ], [ 14.005099269374792, 40.746189325101199 ], [ 14.004934863468403, 40.746167044569738 ], [ 14.005062531600959, 40.746015364149521 ], [ 14.005010369116597, 40.745971351038264 ], [ 14.004885992459052, 40.745851962003002 ], [ 14.004810430979378, 40.745859192261193 ], [ 14.004828129240295, 40.745692417461719 ], [ 14.004637335374067, 40.745569332097823 ], [ 14.004476438988824, 40.745640182165047 ], [ 14.00441463031785, 40.745624871802633 ], [ 14.004230994858547, 40.745632854194653 ], [ 14.004193591426262, 40.745583902663896 ], [ 14.004178931921116, 40.745485614405524 ], [ 14.004163605018315, 40.745307143536216 ], [ 14.004248485457117, 40.745148750701581 ], [ 14.004204385448334, 40.745062289802391 ], [ 14.004105733762891, 40.745098088487005 ], [ 14.004022395843602, 40.745259273696746 ], [ 14.003976501039338, 40.745180228602983 ], [ 14.003884350830434, 40.745125710026393 ], [ 14.003741890670533, 40.745149915312467 ], [ 14.003602516421191, 40.745204541612225 ], [ 14.003553580795936, 40.745302145586422 ], [ 14.003310962058553, 40.745287909558428 ], [ 14.003136780079002, 40.745387784527004 ], [ 14.002921475579186, 40.745450210654909 ], [ 14.002909151037588, 40.745627280449192 ], [ 14.002795503161037, 40.745798781010329 ], [ 14.002683690153393, 40.745711997295167 ], [ 14.002585038135948, 40.745744900070129 ], [ 14.002539028963076, 40.745733385007348 ], [ 14.002531688823705, 40.745625669570757 ], [ 14.002424018114921, 40.745679873919599 ], [ 14.002440338238905, 40.745808054967469 ], [ 14.002359525385247, 40.745819623711597 ], [ 14.002265666494232, 40.745659742998818 ], [ 14.002251605642195, 40.745561317696193 ], [ 14.002195183029148, 40.745460215043011 ], [ 14.002009605585549, 40.745491420050413 ], [ 14.001839151879976, 40.745556723154039 ], [ 14.001715510553067, 40.745683645456843 ], [ 14.001694227127668, 40.745824117841039 ], [ 14.001577859114773, 40.745860686781207 ], [ 14.001453963831622, 40.746023630419316 ], [ 14.001415206945158, 40.746412739313236 ], [ 14.001286940424126, 40.746499073367048 ], [ 14.001227127647802, 40.746668231908458 ], [ 14.001095951247873, 40.746763970320387 ], [ 14.001058990900152, 40.746882609360775 ], [ 14.00097837386228, 40.74697164954047 ], [ 14.000877916011881, 40.747052534482485 ], [ 14.000806012742718, 40.74715921212087 ], [ 14.000597280560569, 40.747276313334488 ], [ 14.000536556977307, 40.747466589305802 ], [ 14.000180115621538, 40.747573952328104 ], [ 13.999741014131578, 40.747815564501892 ], [ 13.99937697532391, 40.747892167573006 ], [ 13.998350069813421, 40.74807346635977 ], [ 13.997865352801877, 40.748130614566023 ], [ 13.997648359278514, 40.748079646960988 ], [ 13.997483483938243, 40.748041775683092 ], [ 13.997342425343664, 40.748046314255561 ], [ 13.997005515370324, 40.747926811639168 ], [ 13.996595672577431, 40.747831201421675 ], [ 13.996412239612075, 40.747694635753859 ], [ 13.996188581324512, 40.747551574537326 ], [ 13.995971486359975, 40.747396113764282 ], [ 13.995786997394884, 40.747215063103859 ], [ 13.995706632525199, 40.747060990073116 ], [ 13.995462042356296, 40.746878029778451 ], [ 13.995188213386619, 40.746505953810221 ], [ 13.995094410857538, 40.746308797013931 ], [ 13.994947295895063, 40.745902566815893 ], [ 13.994883336216514, 40.745331405606464 ], [ 13.994977467694804, 40.744970229710297 ], [ 13.995021467435558, 40.744725182348063 ], [ 13.995128780959291, 40.744560457431646 ], [ 13.995260746380431, 40.744365267985692 ], [ 13.99547464016023, 40.744084896327401 ], [ 13.995598350073287, 40.743901902607 ], [ 13.995809003875255, 40.743836247280463 ], [ 13.995930596255166, 40.743794349782149 ], [ 13.996036421134079, 40.743727783293274 ], [ 13.996190716991054, 40.743655499185842 ], [ 13.99626486026421, 40.743551845098175 ], [ 13.996419786116624, 40.743436607105693 ], [ 13.996647032336078, 40.743340410400499 ], [ 13.996696426488693, 40.743273362709331 ], [ 13.996825609308019, 40.74326220520755 ], [ 13.997109012773882, 40.743184905031626 ], [ 13.997319367884888, 40.743137642495888 ], [ 13.997319863872654, 40.74300242632421 ], [ 13.997348079771802, 40.742837258569004 ], [ 13.997375037425549, 40.742653430640722 ], [ 13.997190789832159, 40.742572053527596 ], [ 13.997192445412667, 40.742461642224725 ], [ 13.997226727944057, 40.7423269492975 ], [ 13.997268700398839, 40.742216871415195 ], [ 13.997302232333913, 40.742131260603898 ], [ 13.997190568925269, 40.742050531409305 ], [ 13.997223734535545, 40.741989461298878 ], [ 13.99737802496181, 40.741917174099143 ], [ 13.997405542005543, 40.741696536066279 ], [ 13.997389969081587, 40.741659596102338 ], [ 13.997382644359716, 40.741610442226467 ], [ 13.997407561137434, 40.741561566196395 ], [ 13.997415702743709, 40.741499183713252 ], [ 13.997371206687157, 40.741297436790539 ], [ 13.99734986545795, 40.741107038545394 ], [ 13.997391572255054, 40.741015375420673 ], [ 13.997448847940502, 40.740960649717621 ], [ 13.997482645442386, 40.740856642979459 ], [ 13.997542035380755, 40.740660804609341 ], [ 13.997601598400038, 40.740452715667601 ], [ 13.997644496483753, 40.740281304898971 ], [ 13.997711478925604, 40.740116225233919 ], [ 13.997429474475467, 40.740101491981498 ], [ 13.997074281886352, 40.740129097485102 ], [ 13.996549204198754, 40.74019201029261 ], [ 13.996032107219916, 40.740261138874359 ], [ 13.99565306149843, 40.740360214420924 ], [ 13.995068712972364, 40.740516596759107 ], [ 13.994412639342391, 40.740679647693824 ], [ 13.993903180213268, 40.740807072889844 ], [ 13.993433714978796, 40.740925697020444 ], [ 13.993280790766594, 40.740905963606053 ], [ 13.993128524205158, 40.740843273381763 ], [ 13.992996406889377, 40.740894122769362 ], [ 13.992826954442915, 40.740982512648884 ], [ 13.992710256324969, 40.741064094748097 ], [ 13.992559355526657, 40.741157358271757 ], [ 13.992447094238759, 40.741215072839388 ], [ 13.992384156841768, 40.74130332328496 ], [ 13.992237247461723, 40.741413653338704 ], [ 13.992184401929663, 40.741424039930834 ], [ 13.992148350723683, 40.741444097389227 ], [ 13.992058624184875, 40.741569538838348 ], [ 13.99190210163593, 40.741702375554922 ], [ 13.99177903788352, 40.741748223893204 ], [ 13.991735935019975, 40.741795119576807 ], [ 13.991718798153219, 40.741818800975324 ], [ 13.991670058667637, 40.741842912610423 ], [ 13.991619441215589, 40.741899206956504 ], [ 13.991487996900471, 40.741981429002031 ], [ 13.991511869531054, 40.742043418933712 ], [ 13.991504112189819, 40.742097782950673 ], [ 13.991395554696295, 40.742070976139708 ], [ 13.9912270037052, 40.742240346820118 ], [ 13.99100855813955, 40.742395467691431 ], [ 13.990965441826871, 40.742472272624951 ], [ 13.990786932162621, 40.742588045810258 ], [ 13.990698907066655, 40.742607498142803 ], [ 13.990630637162473, 40.742693857591718 ], [ 13.990420009311924, 40.742815540481985 ], [ 13.99036249969916, 40.742917069848986 ], [ 13.990257964263609, 40.742971774291213 ], [ 13.990168071581376, 40.743050755026765 ], [ 13.990420879577195, 40.743396558714437 ], [ 13.990540053398975, 40.743514177176174 ], [ 13.990627349231383, 40.743606977904136 ], [ 13.990723292253, 40.743663041910743 ], [ 13.990802706215854, 40.743743497248893 ], [ 13.990858302840474, 40.743799206022587 ], [ 13.990905477678016, 40.743879362597973 ], [ 13.990929028521773, 40.743922522132593 ], [ 13.990959704358009, 40.744027107525234 ], [ 13.991007612207234, 40.744058201563661 ], [ 13.991007146246996, 40.74408886719737 ], [ 13.990998335886781, 40.74413787469674 ], [ 13.991013635748695, 40.744193227993932 ], [ 13.991091387870553, 40.744384113650412 ], [ 13.991033564506637, 40.744475644991184 ], [ 13.991048008843412, 40.744586206512594 ], [ 13.991030774317363, 40.744659679063979 ], [ 13.991061646221199, 40.744751993063893 ], [ 13.991068769958495, 40.744813399162268 ], [ 13.991091195418447, 40.744930179169017 ], [ 13.99108990117394, 40.745016068957447 ], [ 13.991177201095281, 40.745108869042092 ], [ 13.991200360236039, 40.745176550491394 ], [ 13.991197497103284, 40.745366726348664 ], [ 13.991268764867185, 40.745453252652595 ], [ 13.991303409845168, 40.74550079753844 ], [ 13.991307732169712, 40.745617661872821 ], [ 13.991296652779249, 40.745741869190368 ], [ 13.991335311154764, 40.74585265396054 ], [ 13.991373576061402, 40.745987958971853 ], [ 13.991451529596816, 40.746166573637709 ], [ 13.991538100773639, 40.746308452817331 ], [ 13.991570074861421, 40.746327148051854 ], [ 13.991568485290147, 40.746431435011267 ], [ 13.991656813222464, 40.74645673722511 ], [ 13.991734304066041, 40.746666036069435 ], [ 13.991805206655126, 40.746777081931775 ], [ 13.99186775926812, 40.746906487023288 ], [ 13.991986575456643, 40.747048644138324 ], [ 13.992098433746106, 40.747117107063005 ], [ 13.992154524491152, 40.747142131186429 ], [ 13.992193355741623, 40.747240645280208 ], [ 13.99226499023608, 40.747302629304976 ], [ 13.992360915234464, 40.747358690810849 ], [ 13.992464256071507, 40.747457763878707 ], [ 13.992678825125076, 40.747668234772597 ], [ 13.992733499603865, 40.747785294987153 ], [ 13.992868913704237, 40.747896916923146 ], [ 13.992964667371153, 40.747965247279133 ], [ 13.992946313196798, 40.748112338533488 ], [ 13.9931549277029, 40.748181637920119 ], [ 13.99328200021883, 40.748311599437642 ], [ 13.99344216808899, 40.748386632482031 ], [ 13.993625500559773, 40.748529345954687 ], [ 13.993895581443752, 40.748801666746324 ], [ 13.994135910494171, 40.74890807156789 ], [ 13.994320169411893, 40.748989433975019 ], [ 13.994463843129658, 40.749088858646772 ], [ 13.994664237459324, 40.749170368610663 ], [ 13.994784986560063, 40.749183678054202 ], [ 13.994930778609696, 40.749142004641712 ], [ 13.995075742005888, 40.749155537181878 ], [ 13.995205692061184, 40.749095320093559 ], [ 13.995270741763308, 40.749059067380919 ], [ 13.995376135001386, 40.749023164609078 ], [ 13.995498005918726, 40.748962871892296 ], [ 13.995587241231121, 40.748926843533191 ], [ 13.995707916981306, 40.748946295613003 ], [ 13.995861129421062, 40.748947631329465 ], [ 13.995950024811529, 40.748936139518612 ], [ 13.996030186231508, 40.748967511732445 ], [ 13.996143364944947, 40.748950079717005 ], [ 13.996437060933586, 40.748725614093196 ], [ 13.996719271958666, 40.748728080144105 ], [ 13.997009463226682, 40.748736725786337 ], [ 13.997059690673728, 40.748614453564386 ], [ 13.997174525468205, 40.748486608343619 ], [ 13.997231976704153, 40.748419613112262 ], [ 13.997417432637326, 40.748421225413352 ], [ 13.997578792571371, 40.748416489718622 ], [ 13.997789362417985, 40.748356971038746 ], [ 13.997919379760797, 40.748290606683732 ], [ 13.998097433632527, 40.74824920785597 ], [ 13.998719594046653, 40.748168701449082 ], [ 13.999027201975732, 40.748091620193989 ], [ 13.999278281285122, 40.748020162149594 ], [ 13.999617770154657, 40.74796787629824 ], [ 13.999698024758782, 40.74799312037748 ], [ 13.999875886097477, 40.747963988199416 ], [ 13.999949006630951, 40.747927805526537 ], [ 14.000022032061784, 40.747897767356392 ], [ 14.000086639806044, 40.747892177421832 ], [ 14.000224079275121, 40.747868838402056 ], [ 14.000621112372121, 40.747743429142524 ], [ 14.000847611366197, 40.747696306845249 ], [ 14.001380535692331, 40.747498887043626 ], [ 14.001882160031132, 40.747459079387689 ], [ 14.002012169198332, 40.747475943158719 ], [ 14.002160494721158, 40.747667570978891 ], [ 14.002208664672038, 40.747737521604869 ], [ 14.002233699510191, 40.747763519172793 ], [ 14.002256411681332, 40.747861881875956 ], [ 14.002415474221358, 40.748010505576396 ], [ 14.003007827285165, 40.74879221026913 ], [ 14.003985779595947, 40.750324919184514 ], [ 14.004860194878688, 40.751493763180711 ], [ 14.005193897826885, 40.752053299644452 ], [ 14.005477655112538, 40.752344745866772 ], [ 14.005845648690149, 40.752800047294016 ], [ 14.005921917385104, 40.752978170899659 ], [ 14.006055625010053, 40.753152434467594 ], [ 14.006039480304496, 40.75322019842789 ], [ 14.00591614594617, 40.753378662148435 ], [ 14.006148909901107, 40.753454300762549 ], [ 14.006171823174311, 40.753540391896628 ], [ 14.006065416860004, 40.753643777924502 ], [ 14.006194183410669, 40.753663290999128 ], [ 14.006290848296842, 40.753670261592823 ], [ 14.006347300090651, 40.753675458723386 ], [ 14.006402373872177, 40.753763249314304 ], [ 14.006426204524862, 40.75378800986347 ], [ 14.006576126913872, 40.754010172264984 ], [ 14.006696693542029, 40.754326522198753 ], [ 14.006834402516903, 40.754540050710901 ], [ 14.007000369598934, 40.75476850321585 ], [ 14.00722070653412, 40.755138523699458 ], [ 14.007506624248276, 40.75543549325711 ], [ 14.007662254235209, 40.755817233746548 ], [ 14.007740791851079, 40.755959025303419 ], [ 14.007978925923558, 40.756429796456423 ], [ 14.008084580912616, 40.756584531892564 ], [ 14.008178331836646, 40.756729016891072 ], [ 14.008505461666356, 40.757149761190924 ], [ 14.00858436244417, 40.757267030517525 ], [ 14.008804973580533, 40.757759656520157 ], [ 14.008897188068657, 40.757926224042173 ], [ 14.008998219193391, 40.75818476959396 ], [ 14.009083837837006, 40.7583941241773 ], [ 14.009229646853591, 40.758781067761284 ], [ 14.009452218806313, 40.759172042785465 ], [ 14.009536645814759, 40.75940424125249 ], [ 14.009694653542802, 40.759626471386824 ], [ 14.009352226476153, 40.759713855707432 ], [ 14.009309023172625, 40.759727481717121 ], [ 14.009159162005785, 40.759751999120347 ], [ 14.008973693795115, 40.759805097860124 ], [ 14.008884618120376, 40.75985881632765 ], [ 14.008952715845281, 40.759959073248005 ], [ 14.008946074067046, 40.760067396416382 ], [ 14.008914666965424, 40.760131788565545 ], [ 14.008730441798495, 40.760270353705771 ], [ 14.00849112517213, 40.760284914144954 ], [ 14.00840123425254, 40.760363909098977 ], [ 14.008352102089843, 40.760412568816754 ], [ 14.008470624061621, 40.760466232222413 ], [ 14.008498027273033, 40.760505551308817 ], [ 14.008454941933335, 40.760601962873473 ], [ 14.008303225536974, 40.760988886910674 ], [ 14.008114253598132, 40.761220423633553 ], [ 14.007977236419615, 40.761275488838287 ], [ 14.007779225208054, 40.761437165577846 ], [ 14.00755640545343, 40.761505385962245 ], [ 14.007405864668852, 40.761520932576424 ], [ 14.007236454084808, 40.76149228846144 ], [ 14.007081476125254, 40.761458520868317 ], [ 14.007106863243866, 40.761412387286221 ], [ 14.007089240054745, 40.761296120599155 ], [ 14.007132274202005, 40.761258239162544 ], [ 14.007202303979554, 40.761205663782732 ], [ 14.007143764494034, 40.761194712890401 ], [ 14.006961687870287, 40.761184617334173 ], [ 14.006829576680909, 40.761149853890053 ], [ 14.006613698007126, 40.761172740303657 ], [ 14.006509481564795, 40.761262811761853 ], [ 14.006365439886263, 40.761296089506196 ], [ 14.00626306875548, 40.761332053926814 ], [ 14.00611995295106, 40.761446312047369 ], [ 14.005858101159502, 40.761615261774693 ], [ 14.005597270240614, 40.761847190331387 ], [ 14.005449441442385, 40.761948155390762 ], [ 14.005402926498622, 40.762116739637399 ], [ 14.005334842998153, 40.762205238037211 ], [ 14.005247336227791, 40.762222540093482 ], [ 14.00519145938279, 40.76219795633984 ], [ 14.005125271306159, 40.762223348400433 ], [ 14.004980825723065, 40.762211613549141 ], [ 14.004865209605537, 40.762347207652979 ], [ 14.004800498767016, 40.76237251729637 ], [ 14.004730815043091, 40.762479100087539 ], [ 14.004683156246738, 40.762544179696334 ], [ 14.004577833814352, 40.762580270058208 ], [ 14.004576885399398, 40.762715377753395 ], [ 14.004607277830054, 40.762903130586437 ], [ 14.004508378292718, 40.763073991914169 ], [ 14.004438671297194, 40.763213505966981 ], [ 14.004530172389805, 40.763226105349545 ], [ 14.004734333422482, 40.763400126198107 ], [ 14.004984257324864, 40.76340841879086 ], [ 14.005178651832413, 40.763354864385811 ], [ 14.005357752069857, 40.763245975428262 ], [ 14.005416582333821, 40.763086943252681 ], [ 14.005498591852387, 40.762995625286635 ], [ 14.005636253198803, 40.762960007791534 ], [ 14.005709218231505, 40.762936090828553 ], [ 14.006095791343984, 40.762976219397835 ], [ 14.006208898179775, 40.762964939559097 ], [ 14.006194131182108, 40.762872777903603 ], [ 14.006044675677959, 40.762728077614206 ], [ 14.00610769720144, 40.762718643725648 ], [ 14.006245164918116, 40.76269527692758 ], [ 14.006254785688924, 40.762591064965584 ], [ 14.00630427734942, 40.762517849558016 ], [ 14.006345068160174, 40.762487531687782 ], [ 14.006321956807074, 40.7624137111873 ], [ 14.006314813989983, 40.762352286442329 ], [ 14.006380155104004, 40.762297632155864 ], [ 14.006436792907442, 40.762285857496934 ], [ 14.006517525237117, 40.762280410593966 ], [ 14.006574908704305, 40.762219553124233 ], [ 14.006631529704753, 40.762207761094082 ], [ 14.00670503642568, 40.762147035145773 ], [ 14.006850196773835, 40.762148280034069 ], [ 14.007019480450071, 40.762155888978121 ], [ 14.007165026642099, 40.762132594681809 ], [ 14.007490856482104, 40.762187991783399 ], [ 14.00778000252591, 40.762283467557104 ], [ 14.008147694655944, 40.762429531239192 ], [ 14.008535437736207, 40.762664740334728 ], [ 14.008785824229099, 40.762874432224734 ], [ 14.009030076418375, 40.76309963973187 ], [ 14.009188020929681, 40.763311620868421 ], [ 14.00924091273788, 40.76358737860118 ], [ 14.009216787771388, 40.763634490423883 ], [ 14.009200049164383, 40.7637072406744 ], [ 14.009220057417995, 40.76374688044951 ], [ 14.009331409318332, 40.763800561351459 ], [ 14.009463958311292, 40.763880332058882 ], [ 14.00958077170011, 40.763947270416551 ], [ 14.009636258875306, 40.764025876550647 ], [ 14.009761846128985, 40.764101450810259 ], [ 14.00990862833307, 40.764203096843445 ], [ 14.009965072408345, 40.764362700937497 ], [ 14.009958275959914, 40.76469056636369 ], [ 14.009915860747036, 40.764831332152404 ], [ 14.00987397199941, 40.764935271329911 ], [ 14.009824958118791, 40.764977805064767 ], [ 14.009676797804135, 40.765046004594268 ], [ 14.009507577464781, 40.765165275440907 ], [ 14.009322076559071, 40.765163687194764 ], [ 14.009116153185769, 40.765178457179303 ], [ 14.008894870399615, 40.765141617985201 ], [ 14.008869667972943, 40.765208894094378 ], [ 14.008927012274468, 40.765281222633227 ], [ 14.00884345996535, 40.765343644023552 ], [ 14.008737976978415, 40.765385682151589 ], [ 14.008588250365859, 40.765387346703072 ], [ 14.008384095083523, 40.765315153565702 ], [ 14.008277605097746, 40.765424688573013 ], [ 14.008365511941697, 40.765480659913692 ], [ 14.008550746526215, 40.765500645576367 ], [ 14.008606641196284, 40.765537950627092 ], [ 14.008589783486965, 40.765586884464959 ], [ 14.008499886085906, 40.765665878965457 ], [ 14.00852189674313, 40.765813318229675 ], [ 14.008676384736948, 40.765880704363099 ], [ 14.008899266849124, 40.766054105478744 ], [ 14.009104626522728, 40.766240548532998 ], [ 14.009327288017763, 40.766427142231628 ], [ 14.009515102991497, 40.766626629703602 ], [ 14.009928931254805, 40.766788473981499 ], [ 14.010544586264697, 40.767374166140726 ], [ 14.010489238548802, 40.767597954666243 ], [ 14.010382444608778, 40.767781721746672 ], [ 14.010171218694365, 40.767990959227085 ], [ 14.009988427022103, 40.768622578792616 ], [ 14.009829230105934, 40.768832281973964 ], [ 14.009654440477714, 40.76892312384097 ], [ 14.009513350737242, 40.769080205318197 ], [ 14.009175765575044, 40.76909685272166 ], [ 14.00905078050152, 40.76914731813509 ], [ 14.009069651580793, 40.769191506447527 ], [ 14.009116743817442, 40.769211382572159 ], [ 14.009212715117851, 40.769267427203182 ], [ 14.009289837751139, 40.769294477744346 ], [ 14.00937285648911, 40.769348578416896 ], [ 14.009622347164063, 40.769387523761743 ], [ 14.009742608629756, 40.769437645320629 ], [ 14.010008071118795, 40.769489005622503 ], [ 14.010338401838773, 40.769516372765381 ], [ 14.010582373759879, 40.769383483714648 ], [ 14.010785937744368, 40.769256391212771 ], [ 14.010940298015303, 40.769184083844131 ], [ 14.011159520653971, 40.769087803342686 ], [ 14.011361623313363, 40.769058850545996 ], [ 14.011419367925606, 40.768973454748327 ], [ 14.011460250072094, 40.768936989764534 ], [ 14.011611333402032, 40.768945827892615 ], [ 14.01169195259212, 40.768964830293349 ], [ 14.01176647587873, 40.76895800856358 ], [ 14.01183399680961, 40.768954127893082 ], [ 14.011969170201706, 40.769029282163523 ], [ 14.012110508076528, 40.769068139398733 ], [ 14.012221563152902, 40.769058804743366 ], [ 14.012291257249332, 40.769060269098389 ], [ 14.012418877223128, 40.769082166423637 ], [ 14.012451645184894, 40.769116308827961 ], [ 14.012797830148051, 40.769182273435838 ], [ 14.013092357638678, 40.769306816271637 ], [ 14.013709848144776, 40.769439143354532 ], [ 14.013831309169973, 40.769470380180977 ], [ 14.013891746459594, 40.769476763812847 ], [ 14.013994334782092, 40.769521805570633 ], [ 14.014159026930102, 40.7695956714036 ], [ 14.014349150822573, 40.769672909296041 ], [ 14.014536904453218, 40.769718754950873 ], [ 14.014521773973019, 40.76966538763223 ], [ 14.014595445622318, 40.769675527746955 ], [ 14.014601424370603, 40.769720443291085 ], [ 14.014788384818432, 40.769775322988551 ], [ 14.014865979069658, 40.769803455712228 ], [ 14.014931394494429, 40.76983661622571 ], [ 14.015058545239159, 40.769903099272213 ], [ 14.015309151556863, 40.769977718443386 ], [ 14.015400918420813, 40.769987236187113 ], [ 14.015434423330101, 40.769940748011784 ], [ 14.015526489610075, 40.769996387473697 ], [ 14.015657263795323, 40.769880923079739 ], [ 14.015672047386468, 40.769973080745949 ], [ 14.015703203740207, 40.770046972658534 ], [ 14.015910087009246, 40.770163122777511 ], [ 14.016093154005342, 40.770245183180187 ], [ 14.016253061581997, 40.770373261051731 ], [ 14.01634951303444, 40.770454577600297 ], [ 14.016488246104352, 40.770606094756197 ], [ 14.016577503698693, 40.770674688441218 ], [ 14.016912232222408, 40.770781187278189 ], [ 14.017022707694478, 40.770803385450407 ], [ 14.017144161758303, 40.770801669783964 ], [ 14.017186306281708, 40.770679314676215 ], [ 14.017131906036722, 40.770632065680267 ], [ 14.017073479564166, 40.770495066960024 ], [ 14.017069198842506, 40.77041449121905 ], [ 14.017081156878977, 40.770150751722603 ], [ 14.01703471522077, 40.770010573673751 ], [ 14.017061216250129, 40.769862220354241 ], [ 14.017074240030343, 40.769837774518642 ] ] ] ] } },
{ "type": "Feature", "properties": { "nuts_name": "Arienzo" }, "geometry": { "type": "MultiPolygon", "coordinates": [ [ [ [ 14.518265, 41.048718001000054 ], [ 14.51605, 41.034584001000042 ], [ 14.523214, 41.0224 ], [ 14.5312, 41.013306500000056 ], [ 14.532688, 41.003975999000033 ], [ 14.516346500000054, 40.998779500000069 ], [ 14.510328, 41.002232500000048 ], [ 14.502248500000066, 41.013796 ], [ 14.492151500000032, 41.018654500000032 ], [ 14.492171, 41.022646499000075 ], [ 14.483524500000046, 41.049385500000028 ], [ 14.492181, 41.047167500000057 ], [ 14.493994500000042, 41.05107350000003 ], [ 14.502938500000027, 41.053319 ], [ 14.507753500000037, 41.055528500000037 ], [ 14.518265, 41.048718001000054 ] ] ] ] } },
{ "type": "Feature", "properties": { "nuts_name": "Aversa" }, "geometry": { "type": "MultiPolygon", "coordinates": [ [ [ [ 14.207667, 40.985702500000059 ], [ 14.214356500000065, 40.985839 ], [ 14.212045, 40.978359 ], [ 14.224583, 40.979465500000067 ], [ 14.224593, 40.970430500000077 ], [ 14.226360500000055, 40.963462500000048 ], [ 14.216595500000039, 40.962375500000064 ], [ 14.216361500000062, 40.956142499000073 ], [ 14.220069, 40.950959500000067 ], [ 14.214374, 40.949246500000072 ], [ 14.19719850000007, 40.953859 ], [ 14.199186500000055, 40.972565999000039 ], [ 14.190527, 40.972903 ], [ 14.193808500000047, 40.97946 ], [ 14.184107, 40.989238500000056 ], [ 14.182782500000032, 40.991472500000043 ], [ 14.190956, 40.991045500000048 ], [ 14.199067500000069, 40.986118999000048 ], [ 14.203761, 40.992015 ], [ 14.207729500000028, 40.992036 ], [ 14.207667, 40.985702500000059 ] ] ] ] } },
{ "type": "Feature", "properties": { "nuts_name": "Capodrise" }, "geometry": { "type": "MultiPolygon", "coordinates": [ [ [ [ 14.314391, 41.047795500000063 ], [ 14.324683500000049, 41.037434500000074 ], [ 14.308351500000072, 41.037175 ], [ 14.287967, 41.038643 ], [ 14.278236, 41.043354500000085 ], [ 14.282571500000074, 41.043482500000039 ], [ 14.282956, 41.049776 ], [ 14.291391500000032, 41.049806500000045 ], [ 14.314391, 41.047795500000063 ] ] ] ] } },
{ "type": "Feature", "properties": { "nuts_name": "Carinaro" }, "geometry": { "type": "MultiPolygon", "coordinates": [ [ [ [ 14.244004500000074, 41.02425850000003 ], [ 14.240753, 41.012221 ], [ 14.233222500000068, 41.004214 ], [ 14.232852500000035, 40.985963500000025 ], [ 14.224708, 40.985830500000077 ], [ 14.224583, 40.979465500000067 ], [ 14.212045, 40.978359 ], [ 14.214356500000065, 40.985839 ], [ 14.216212, 40.98768750000005 ], [ 14.21575450000006, 41.005151500000075 ], [ 14.231191500000023, 41.005067001000043 ], [ 14.228636, 41.01921 ], [ 14.225314500000025, 41.022320500000035 ], [ 14.230794500000059, 41.03094550000003 ], [ 14.231485, 41.031896 ], [ 14.244004500000074, 41.02425850000003 ] ] ] ] } },
{ "type": "Feature", "properties": { "nuts_name": "Casagiove" }, "geometry": { "type": "MultiPolygon", "coordinates": [ [ [ [ 14.296362500000043, 41.099138500000038 ], [ 14.302027, 41.095195 ], [ 14.312915500000031, 41.097996 ], [ 14.315929, 41.095529500000055 ], [ 14.320352500000071, 41.083432 ], [ 14.321072500000071, 41.076075 ], [ 14.316005, 41.06651400100003 ], [ 14.311196500000051, 41.063054500000078 ], [ 14.299238500000058, 41.069033499000057 ], [ 14.294258500000069, 41.092128 ], [ 14.287273500000026, 41.099463 ], [ 14.291497, 41.107550500000059 ], [ 14.296362500000043, 41.099138500000038 ] ] ] ] } },
{ "type": "Feature", "properties": { "nuts_name": "Casaluce" }, "geometry": { "type": "MultiPolygon", "coordinates": [ [ [ [ 14.219102, 41.039738500000055 ], [ 14.220299500000067, 41.038275 ], [ 14.219610500000044, 41.028105500000038 ], [ 14.207547500000032, 41.015301 ], [ 14.207525500000031, 40.998295499000051 ], [ 14.199238, 41.000435 ], [ 14.199067500000069, 40.986118999000048 ], [ 14.190956, 40.991045500000048 ], [ 14.190494500000057, 41.025841 ], [ 14.193554500000062, 41.03630399900004 ], [ 14.190632, 41.040721500000075 ], [ 14.208563500000025, 41.040639501000044 ], [ 14.213028500000064, 41.043345 ], [ 14.219102, 41.039738500000055 ] ] ] ] } },
{ "type": "Feature", "properties": { "nuts_name": "Caserta" }, "geometry": { "type": "MultiPolygon", "coordinates": [ [ [ [ 14.307687500000043, 41.12402650000007 ], [ 14.315544, 41.116569 ], [ 14.328785500000038, 41.107704500000068 ], [ 14.334248, 41.109175 ], [ 14.346817, 41.104094 ], [ 14.374599500000045, 41.102887500000065 ], [ 14.379814500000068, 41.105708501000038 ], [ 14.384677500000066, 41.112872 ], [ 14.393791, 41.115801 ], [ 14.409246, 41.113441 ], [ 14.424077, 41.106471500000055 ], [ 14.434199500000034, 41.107753 ], [ 14.434678500000077, 41.103076 ], [ 14.430042, 41.101022500000056 ], [ 14.425539500000072, 41.092858500000034 ], [ 14.392197, 41.075122 ], [ 14.391328, 41.071197 ], [ 14.392172500000072, 41.06095 ], [ 14.398659, 41.055696500000067 ], [ 14.387558500000068, 41.059206500000073 ], [ 14.372785500000079, 41.054758 ], [ 14.358597, 41.045165999000062 ], [ 14.355301, 41.042781 ], [ 14.350338500000078, 41.04529 ], [ 14.341300500000045, 41.049545500000079 ], [ 14.340771500000075, 41.059485 ], [ 14.338447, 41.061616 ], [ 14.332913, 41.06130550000006 ], [ 14.333087, 41.056940500000053 ], [ 14.328079, 41.055719 ], [ 14.311196500000051, 41.063054500000078 ], [ 14.316005, 41.06651400100003 ], [ 14.321072500000071, 41.076075 ], [ 14.320352500000071, 41.083432 ], [ 14.315929, 41.095529500000055 ], [ 14.312915500000031, 41.097996 ], [ 14.302027, 41.095195 ], [ 14.296362500000043, 41.099138500000038 ], [ 14.291497, 41.107550500000059 ], [ 14.28199, 41.114312999000049 ], [ 14.282631500000036, 41.117777 ], [ 14.284474500000044, 41.12037950000007 ], [ 14.302789, 41.132166500000039 ], [ 14.307947, 41.132333500000072 ], [ 14.307687500000043, 41.12402650000007 ] ] ] ] } },
{ "type": "Feature", "properties": { "nuts_name": "Castel Morrone" }, "geometry": { "type": "MultiPolygon", "coordinates": [ [ [ [ 14.355558500000031, 41.144365500000056 ], [ 14.36339250000003, 41.138769 ], [ 14.366628, 41.136894 ], [ 14.388231500000073, 41.134302500000047 ], [ 14.397178500000054, 41.121377500000051 ], [ 14.393791, 41.115801 ], [ 14.384677500000066, 41.112872 ], [ 14.379814500000068, 41.105708501000038 ], [ 14.374599500000045, 41.102887500000065 ], [ 14.346817, 41.104094 ], [ 14.334248, 41.109175 ], [ 14.328785500000038, 41.107704500000068 ], [ 14.315544, 41.116569 ], [ 14.307687500000043, 41.12402650000007 ], [ 14.307947, 41.132333500000072 ], [ 14.318672500000048, 41.140070500000036 ], [ 14.327565500000048, 41.145528 ], [ 14.344583500000056, 41.140646 ], [ 14.346377500000074, 41.14225950000008 ], [ 14.345807500000037, 41.148173500000041 ], [ 14.35205, 41.152047500000037 ], [ 14.355558500000031, 41.144365500000056 ] ] ] ] } },
{ "type": "Feature", "properties": { "nuts_name": "Cervino" }, "geometry": { "type": "MultiPolygon", "coordinates": [ [ [ [ 14.420216, 41.052439500000048 ], [ 14.444837500000062, 41.049560001000032 ], [ 14.454038500000026, 41.049745499000039 ], [ 14.45645, 41.049303500000065 ], [ 14.455854500000044, 41.042696500000034 ], [ 14.444367, 41.026315500000067 ], [ 14.430021500000064, 41.026292500000075 ], [ 14.419351500000063, 41.03177 ], [ 14.412829500000043, 41.038726 ], [ 14.410589, 41.051138001000027 ], [ 14.412655, 41.055659 ], [ 14.413019500000075, 41.057155499000039 ], [ 14.420216, 41.052439500000048 ] ] ] ] } },
{ "type": "Feature", "properties": { "nuts_name": "Cesa" }, "geometry": { "type": "MultiPolygon", "coordinates": [ [ [ [ 14.233051500000045, 40.970181 ], [ 14.233285500000022, 40.968099500000051 ], [ 14.233346500000041, 40.964800500000081 ], [ 14.241534, 40.960548500000073 ], [ 14.241305500000067, 40.954733500000032 ], [ 14.232772, 40.95898 ], [ 14.231952, 40.952877500000056 ], [ 14.220069, 40.950959500000067 ], [ 14.216361500000062, 40.956142499000073 ], [ 14.216595500000039, 40.962375500000064 ], [ 14.226360500000055, 40.963462500000048 ], [ 14.224593, 40.970430500000077 ], [ 14.233051500000045, 40.970181 ] ] ] ] } },
{ "type": "Feature", "properties": { "nuts_name": "Frignano" }, "geometry": { "type": "MultiPolygon", "coordinates": [ [ [ [ 14.193554500000062, 41.03630399900004 ], [ 14.190494500000057, 41.025841 ], [ 14.190956, 40.991045500000048 ], [ 14.182782500000032, 40.991472500000043 ], [ 14.173881, 40.997941500000024 ], [ 14.173547500000042, 41.004677500000071 ], [ 14.168449, 41.00917 ], [ 14.165147, 41.018173 ], [ 14.164918, 41.038197500000088 ], [ 14.176783500000056, 41.035966500000029 ], [ 14.190632, 41.040721500000075 ], [ 14.193554500000062, 41.03630399900004 ] ] ] ] } },
{ "type": "Feature", "properties": { "nuts_name": "Gricignano di Aversa" }, "geometry": { "type": "MultiPolygon", "coordinates": [ [ [ [ 14.258065, 41.015720500000043 ], [ 14.256475, 41.014348 ], [ 14.25632, 40.992171500000048 ], [ 14.248208500000032, 40.972605 ], [ 14.233051500000045, 40.970181 ], [ 14.224593, 40.970430500000077 ], [ 14.224583, 40.979465500000067 ], [ 14.224708, 40.985830500000077 ], [ 14.232852500000035, 40.985963500000025 ], [ 14.233222500000068, 41.004214 ], [ 14.240753, 41.012221 ], [ 14.244004500000074, 41.02425850000003 ], [ 14.258065, 41.015720500000043 ] ] ] ] } },
{ "type": "Feature", "properties": { "nuts_name": "Lusciano" }, "geometry": { "type": "MultiPolygon", "coordinates": [ [ [ [ 14.199186500000055, 40.972565999000039 ], [ 14.19719850000007, 40.953859 ], [ 14.172257500000059, 40.953926 ], [ 14.168877500000065, 40.966574500000036 ], [ 14.180878, 40.972778 ], [ 14.190527, 40.972903 ], [ 14.199186500000055, 40.972565999000039 ] ] ] ] } },
{ "type": "Feature", "properties": { "nuts_name": "Macerata Campania" }, "geometry": { "type": "MultiPolygon", "coordinates": [ [ [ [ 14.265685500000075, 41.069170500000041 ], [ 14.28224750000004, 41.068922 ], [ 14.299238500000058, 41.069033499000057 ], [ 14.299439500000062, 41.056460500000071 ], [ 14.291169500000024, 41.058320001000027 ], [ 14.291228, 41.05071150100008 ], [ 14.28787, 41.051971500000036 ], [ 14.286885, 41.057193500000039 ], [ 14.274252500000046, 41.062466 ], [ 14.274172500000077, 41.043449500000065 ], [ 14.257938, 41.042906 ], [ 14.256696, 41.03697150000005 ], [ 14.241993500000035, 41.036729500000035 ], [ 14.250710500000025, 41.049525500000072 ], [ 14.257291, 41.04957550000006 ], [ 14.257245, 41.062074 ], [ 14.262649, 41.069420500000035 ], [ 14.265685500000075, 41.069170500000041 ] ] ] ] } },
{ "type": "Feature", "properties": { "nuts_name": "Maddaloni" }, "geometry": { "type": "MultiPolygon", "coordinates": [ [ [ [ 14.398659, 41.055696500000067 ], [ 14.412655, 41.055659 ], [ 14.410589, 41.051138001000027 ], [ 14.412829500000043, 41.038726 ], [ 14.419351500000063, 41.03177 ], [ 14.430021500000064, 41.026292500000075 ], [ 14.444367, 41.026315500000067 ], [ 14.449448500000072, 41.023547500000063 ], [ 14.445275500000038, 41.018763500000034 ], [ 14.436507500000063, 41.016226500000073 ], [ 14.43559350000004, 41.011876500000028 ], [ 14.437958, 41.009221500000081 ], [ 14.426018, 41.004235 ], [ 14.413702500000058, 41.003638500000079 ], [ 14.414816500000029, 40.996946500000035 ], [ 14.410443500000044, 41.002342500000054 ], [ 14.355703, 41.001737500000047 ], [ 14.354464500000063, 41.006655500000079 ], [ 14.341934500000036, 41.013536 ], [ 14.341686, 41.01824 ], [ 14.358334500000069, 41.024544 ], [ 14.35843, 41.037931001000061 ], [ 14.355301, 41.042781 ], [ 14.358597, 41.045165999000062 ], [ 14.372785500000079, 41.054758 ], [ 14.387558500000068, 41.059206500000073 ], [ 14.398659, 41.055696500000067 ] ] ] ] } },
{ "type": "Feature", "properties": { "nuts_name": "Marcianise" }, "geometry": { "type": "MultiPolygon", "coordinates": [ [ [ [ 14.278236, 41.043354500000085 ], [ 14.287967, 41.038643 ], [ 14.308351500000072, 41.037175 ], [ 14.324683500000049, 41.037434500000074 ], [ 14.324696, 41.024505 ], [ 14.341801500000033, 41.024571 ], [ 14.341686, 41.01824 ], [ 14.341934500000036, 41.013536 ], [ 14.354464500000063, 41.006655500000079 ], [ 14.355703, 41.001737500000047 ], [ 14.335048, 41.001783 ], [ 14.326669, 41.000105500000075 ], [ 14.297643500000051, 41.004706500000054 ], [ 14.290077, 41.001732500000067 ], [ 14.273024, 41.008400001000041 ], [ 14.258065, 41.015720500000043 ], [ 14.244004500000074, 41.02425850000003 ], [ 14.231485, 41.031896 ], [ 14.241993500000035, 41.036729500000035 ], [ 14.256696, 41.03697150000005 ], [ 14.257938, 41.042906 ], [ 14.274172500000077, 41.043449500000065 ], [ 14.278236, 41.043354500000085 ] ] ] ] } },
{ "type": "Feature", "properties": { "nuts_name": "Orta di Atella" }, "geometry": { "type": "MultiPolygon", "coordinates": [ [ [ [ 14.290077, 41.001732500000067 ], [ 14.297643500000051, 41.004706500000054 ], [ 14.293717, 41.001637 ], [ 14.289314500000046, 40.986422 ], [ 14.294311, 40.980525 ], [ 14.293048500000054, 40.969662500000027 ], [ 14.284509, 40.96026 ], [ 14.263534, 40.961514500000085 ], [ 14.261847, 40.964648500000067 ], [ 14.260658500000034, 40.966840999000055 ], [ 14.265324500000077, 40.9811 ], [ 14.273024, 41.008400001000041 ], [ 14.290077, 41.001732500000067 ] ] ] ] } },
{ "type": "Feature", "properties": { "nuts_name": "Parete" }, "geometry": { "type": "MultiPolygon", "coordinates": [ [ [ [ 14.168877500000065, 40.966574500000036 ], [ 14.172257500000059, 40.953926 ], [ 14.173763500000064, 40.950061500000061 ], [ 14.167256500000065, 40.944382499000028 ], [ 14.166444, 40.951279499000066 ], [ 14.164372, 40.951669500000037 ], [ 14.156782, 40.951452001000064 ], [ 14.143408500000078, 40.943518 ], [ 14.129726, 40.949817001000042 ], [ 14.147291500000051, 40.957688500000074 ], [ 14.14421, 40.967121500000076 ], [ 14.168877500000065, 40.966574500000036 ] ] ] ] } },
{ "type": "Feature", "properties": { "nuts_name": "Portico di Caserta" }, "geometry": { "type": "MultiPolygon", "coordinates": [ [ [ [ 14.286885, 41.057193500000039 ], [ 14.28787, 41.051971500000036 ], [ 14.291228, 41.05071150100008 ], [ 14.291391500000032, 41.049806500000045 ], [ 14.282956, 41.049776 ], [ 14.282571500000074, 41.043482500000039 ], [ 14.278236, 41.043354500000085 ], [ 14.274172500000077, 41.043449500000065 ], [ 14.274252500000046, 41.062466 ], [ 14.286885, 41.057193500000039 ] ] ] ] } },
{ "type": "Feature", "properties": { "nuts_name": "Recale" }, "geometry": { "type": "MultiPolygon", "coordinates": [ [ [ [ 14.311196500000051, 41.063054500000078 ], [ 14.314391, 41.047795500000063 ], [ 14.291391500000032, 41.049806500000045 ], [ 14.291228, 41.05071150100008 ], [ 14.291169500000024, 41.058320001000027 ], [ 14.299439500000062, 41.056460500000071 ], [ 14.299238500000058, 41.069033499000057 ], [ 14.311196500000051, 41.063054500000078 ] ] ] ] } },
{ "type": "Feature", "properties": { "nuts_name": "San Felice a Cancello" }, "geometry": { "type": "MultiPolygon", "coordinates": [ [ [ [ 14.492171, 41.022646499000075 ], [ 14.492151500000032, 41.018654500000032 ], [ 14.502248500000066, 41.013796 ], [ 14.510328, 41.002232500000048 ], [ 14.516346500000054, 40.998779500000069 ], [ 14.532688, 41.003975999000033 ], [ 14.53418350000004, 40.996733501000051 ], [ 14.520841500000074, 40.987103499000057 ], [ 14.49202950000006, 40.994205 ], [ 14.483411500000045, 40.992374500000039 ], [ 14.477090500000031, 40.981418500000075 ], [ 14.452212500000032, 40.983437500000036 ], [ 14.434656500000075, 40.985102500000039 ], [ 14.424753, 40.980812499000081 ], [ 14.404857, 40.986048500000038 ], [ 14.414816500000029, 40.996946500000035 ], [ 14.413702500000058, 41.003638500000079 ], [ 14.426018, 41.004235 ], [ 14.437958, 41.009221500000081 ], [ 14.44608450000004, 41.013345 ], [ 14.484903, 41.020015 ], [ 14.481884500000037, 41.02488750100008 ], [ 14.492171, 41.022646499000075 ] ] ] ] } },
{ "type": "Feature", "properties": { "nuts_name": "San Marcellino" }, "geometry": { "type": "MultiPolygon", "coordinates": [ [ [ [ 14.182782500000032, 40.991472500000043 ], [ 14.184107, 40.989238500000056 ], [ 14.182317, 40.988819500000034 ], [ 14.183062, 40.979504001000066 ], [ 14.157470500000047, 40.979515500000048 ], [ 14.152911500000073, 40.985572 ], [ 14.149298500000043, 40.985482001000037 ], [ 14.149119, 40.991932 ], [ 14.157747, 40.995029500000051 ], [ 14.157324, 40.997605500000084 ], [ 14.173881, 40.997941500000024 ], [ 14.182782500000032, 40.991472500000043 ] ] ] ] } },
{ "type": "Feature", "properties": { "nuts_name": "San Nicola la Strada" }, "geometry": { "type": "MultiPolygon", "coordinates": [ [ [ [ 14.328079, 41.055719 ], [ 14.333087, 41.056940500000053 ], [ 14.332913, 41.06130550000006 ], [ 14.338447, 41.061616 ], [ 14.340771500000075, 41.059485 ], [ 14.341300500000045, 41.049545500000079 ], [ 14.350338500000078, 41.04529 ], [ 14.349456, 41.041955 ], [ 14.333513, 41.043078500000036 ], [ 14.332861500000035, 41.03923750000007 ], [ 14.324683500000049, 41.037434500000074 ], [ 14.314391, 41.047795500000063 ], [ 14.311196500000051, 41.063054500000078 ], [ 14.328079, 41.055719 ] ] ] ] } },
{ "type": "Feature", "properties": { "nuts_name": "Santa Maria a Vico" }, "geometry": { "type": "MultiPolygon", "coordinates": [ [ [ [ 14.483524500000046, 41.049385500000028 ], [ 14.492171, 41.022646499000075 ], [ 14.481884500000037, 41.02488750100008 ], [ 14.484903, 41.020015 ], [ 14.44608450000004, 41.013345 ], [ 14.437958, 41.009221500000081 ], [ 14.43559350000004, 41.011876500000028 ], [ 14.436507500000063, 41.016226500000073 ], [ 14.445275500000038, 41.018763500000034 ], [ 14.449448500000072, 41.023547500000063 ], [ 14.444367, 41.026315500000067 ], [ 14.455854500000044, 41.042696500000034 ], [ 14.463987, 41.046400500000068 ], [ 14.474036, 41.042492 ], [ 14.478072, 41.051293500000043 ], [ 14.483524500000046, 41.049385500000028 ] ] ] ] } },
{ "type": "Feature", "properties": { "nuts_name": "Sant'Arpino" }, "geometry": { "type": "MultiPolygon", "coordinates": [ [ [ [ 14.24945, 40.966930500000046 ], [ 14.251258, 40.960645001000046 ], [ 14.261847, 40.964648500000067 ], [ 14.263534, 40.961514500000085 ], [ 14.264081, 40.951852 ], [ 14.260274500000039, 40.950153500000056 ], [ 14.252277, 40.94604 ], [ 14.241305500000067, 40.954733500000032 ], [ 14.241534, 40.960548500000073 ], [ 14.233346500000041, 40.964800500000081 ], [ 14.233285500000022, 40.968099500000051 ], [ 14.24945, 40.966930500000046 ] ] ] ] } },
{ "type": "Feature", "properties": { "nuts_name": "Succivo" }, "geometry": { "type": "MultiPolygon", "coordinates": [ [ [ [ 14.273024, 41.008400001000041 ], [ 14.265324500000077, 40.9811 ], [ 14.260658500000034, 40.966840999000055 ], [ 14.261847, 40.964648500000067 ], [ 14.251258, 40.960645001000046 ], [ 14.24945, 40.966930500000046 ], [ 14.233285500000022, 40.968099500000051 ], [ 14.233051500000045, 40.970181 ], [ 14.248208500000032, 40.972605 ], [ 14.25632, 40.992171500000048 ], [ 14.256475, 41.014348 ], [ 14.258065, 41.015720500000043 ], [ 14.273024, 41.008400001000041 ] ] ] ] } },
{ "type": "Feature", "properties": { "nuts_name": "Teverola" }, "geometry": { "type": "MultiPolygon", "coordinates": [ [ [ [ 14.230794500000059, 41.03094550000003 ], [ 14.225314500000025, 41.022320500000035 ], [ 14.228636, 41.01921 ], [ 14.231191500000023, 41.005067001000043 ], [ 14.21575450000006, 41.005151500000075 ], [ 14.216212, 40.98768750000005 ], [ 14.214356500000065, 40.985839 ], [ 14.207667, 40.985702500000059 ], [ 14.207729500000028, 40.992036 ], [ 14.203761, 40.992015 ], [ 14.199067500000069, 40.986118999000048 ], [ 14.199238, 41.000435 ], [ 14.207525500000031, 40.998295499000051 ], [ 14.207547500000032, 41.015301 ], [ 14.219610500000044, 41.028105500000038 ], [ 14.220299500000067, 41.038275 ], [ 14.230794500000059, 41.03094550000003 ] ] ] ] } },
{ "type": "Feature", "properties": { "nuts_name": "Trentola-Ducenta" }, "geometry": { "type": "MultiPolygon", "coordinates": [ [ [ [ 14.193808500000047, 40.97946 ], [ 14.190527, 40.972903 ], [ 14.180878, 40.972778 ], [ 14.168877500000065, 40.966574500000036 ], [ 14.14421, 40.967121500000076 ], [ 14.140299500000026, 40.979100001000063 ], [ 14.149298500000043, 40.985482001000037 ], [ 14.152911500000073, 40.985572 ], [ 14.157470500000047, 40.979515500000048 ], [ 14.183062, 40.979504001000066 ], [ 14.182317, 40.988819500000034 ], [ 14.184107, 40.989238500000056 ], [ 14.193808500000047, 40.97946 ] ] ] ] } },
{ "type": "Feature", "properties": { "nuts_name": "Valle di Maddaloni" }, "geometry": { "type": "MultiPolygon", "coordinates": [ [ [ [ 14.437014, 41.096204500000056 ], [ 14.435261500000024, 41.086825501000078 ], [ 14.435763500000062, 41.078325500000062 ], [ 14.439860500000067, 41.071010501000046 ], [ 14.420267500000024, 41.06282599900004 ], [ 14.413019500000075, 41.057155499000039 ], [ 14.412655, 41.055659 ], [ 14.398659, 41.055696500000067 ], [ 14.392172500000072, 41.06095 ], [ 14.391328, 41.071197 ], [ 14.392197, 41.075122 ], [ 14.425539500000072, 41.092858500000034 ], [ 14.430042, 41.101022500000056 ], [ 14.434678500000077, 41.103076 ], [ 14.437014, 41.096204500000056 ] ] ] ] } },
{ "type": "Feature", "properties": { "nuts_name": "San Marco Evangelista" }, "geometry": { "type": "MultiPolygon", "coordinates": [ [ [ [ 14.355301, 41.042781 ], [ 14.35843, 41.037931001000061 ], [ 14.358334500000069, 41.024544 ], [ 14.341686, 41.01824 ], [ 14.341801500000033, 41.024571 ], [ 14.324696, 41.024505 ], [ 14.324683500000049, 41.037434500000074 ], [ 14.332861500000035, 41.03923750000007 ], [ 14.333513, 41.043078500000036 ], [ 14.349456, 41.041955 ], [ 14.350338500000078, 41.04529 ], [ 14.355301, 41.042781 ] ] ] ] } },
{ "type": "Feature", "properties": { "nuts_name": "Durazzano" }, "geometry": { "type": "MultiPolygon", "coordinates": [ [ [ [ 14.482866500000059, 41.070978500000081 ], [ 14.483749500000044, 41.06621 ], [ 14.476492500000065, 41.055402 ], [ 14.478072, 41.051293500000043 ], [ 14.474036, 41.042492 ], [ 14.463987, 41.046400500000068 ], [ 14.455854500000044, 41.042696500000034 ], [ 14.45645, 41.049303500000065 ], [ 14.454038500000026, 41.049745499000039 ], [ 14.444837500000062, 41.049560001000032 ], [ 14.420216, 41.052439500000048 ], [ 14.413019500000075, 41.057155499000039 ], [ 14.420267500000024, 41.06282599900004 ], [ 14.439860500000067, 41.071010501000046 ], [ 14.47872650000005, 41.07369650000004 ], [ 14.482866500000059, 41.070978500000081 ] ] ] ] } },
{ "type": "Feature", "properties": { "nuts_name": "Acerra" }, "geometry": { "type": "MultiPolygon", "coordinates": [ [ [ [ 14.414816500000029, 40.996946500000035 ], [ 14.404857, 40.986048500000038 ], [ 14.424753, 40.980812499000081 ], [ 14.434656500000075, 40.985102500000039 ], [ 14.452212500000032, 40.983437500000036 ], [ 14.454638, 40.971853 ], [ 14.438581, 40.958372500000053 ], [ 14.417995500000073, 40.95543 ], [ 14.414722500000039, 40.951182500000073 ], [ 14.412689, 40.93938 ], [ 14.402419, 40.930845 ], [ 14.398767, 40.933549500000026 ], [ 14.395342, 40.92565 ], [ 14.386648, 40.921628 ], [ 14.374165, 40.921079500000076 ], [ 14.354877500000045, 40.922976 ], [ 14.361634, 40.930463 ], [ 14.356662500000029, 40.937326 ], [ 14.352116, 40.944325 ], [ 14.338148500000047, 40.952286 ], [ 14.338693500000034, 40.959467500000073 ], [ 14.343496500000072, 40.961558 ], [ 14.352333500000043, 40.977766 ], [ 14.335048, 41.001783 ], [ 14.355703, 41.001737500000047 ], [ 14.410443500000044, 41.002342500000054 ], [ 14.414816500000029, 40.996946500000035 ] ] ] ] } },
{ "type": "Feature", "properties": { "nuts_name": "Afragola" }, "geometry": { "type": "MultiPolygon", "coordinates": [ [ [ [ 14.350477, 40.942885 ], [ 14.351396500000021, 40.941181 ], [ 14.349155500000052, 40.939683 ], [ 14.35139, 40.934605 ], [ 14.356662500000029, 40.937326 ], [ 14.361634, 40.930463 ], [ 14.354877500000045, 40.922976 ], [ 14.344873500000064, 40.920844 ], [ 14.334548500000039, 40.911116 ], [ 14.336050500000056, 40.900023500000032 ], [ 14.330856, 40.897184500000037 ], [ 14.326637500000063, 40.90390099900003 ], [ 14.318726500000027, 40.901437 ], [ 14.308008500000028, 40.906518500000061 ], [ 14.298825500000079, 40.919083 ], [ 14.298049500000047, 40.923948500000051 ], [ 14.298238500000025, 40.928482 ], [ 14.306075, 40.939226499000029 ], [ 14.303433, 40.945042 ], [ 14.311783, 40.940826 ], [ 14.317115, 40.946683 ], [ 14.331768500000068, 40.943826 ], [ 14.342527500000076, 40.946779 ], [ 14.350477, 40.942885 ] ] ] ] } },
{ "type": "Feature", "properties": { "nuts_name": "Agerola" }, "geometry": { "type": "MultiPolygon", "coordinates": [ [ [ [ 14.563085500000058, 40.654711 ], [ 14.570566500000043, 40.650235 ], [ 14.572151500000075, 40.646602500000029 ], [ 14.570272, 40.64270950000008 ], [ 14.571685, 40.639994500000057 ], [ 14.580576, 40.636723500000073 ], [ 14.577195, 40.628655 ], [ 14.568459, 40.623199 ], [ 14.556553500000062, 40.628406 ], [ 14.537616500000068, 40.624142 ], [ 14.517915500000072, 40.621902500000033 ], [ 14.510316500000043, 40.630452500000047 ], [ 14.509607500000074, 40.635280499000032 ], [ 14.512506500000029, 40.63985 ], [ 14.509469, 40.645654 ], [ 14.52629, 40.655755500000055 ], [ 14.535745, 40.660325 ], [ 14.548303500000033, 40.666301 ], [ 14.555223, 40.667872500000044 ], [ 14.563085500000058, 40.654711 ] ] ] ] } },
{ "type": "Feature", "properties": { "nuts_name": "Anacapri" }, "geometry": { "type": "MultiPolygon", "coordinates": [ [ [ [ 14.228476500000056, 40.556459500000074 ], [ 14.231385500000044, 40.548935500000027 ], [ 14.231082500000072, 40.541686001000073 ], [ 14.198219, 40.536783 ], [ 14.198145, 40.554698 ], [ 14.199183500000061, 40.560468 ], [ 14.222366, 40.560828 ], [ 14.228476500000056, 40.556459500000074 ] ] ] ] } },
{ "type": "Feature", "properties": { "nuts_name": "Arzano" }, "geometry": { "type": "MultiPolygon", "coordinates": [ [ [ [ 14.282605500000045, 40.916725 ], [ 14.280618, 40.905132500000036 ], [ 14.269275, 40.902208 ], [ 14.250843, 40.908316 ], [ 14.248876, 40.910609 ], [ 14.25112450000006, 40.914918 ], [ 14.257192, 40.920899500000075 ], [ 14.266389500000059, 40.923806 ], [ 14.275343500000076, 40.924437500000074 ], [ 14.282605500000045, 40.916725 ] ] ] ] } },
{ "type": "Feature", "properties": { "nuts_name": "Bacoli" }, "geometry": { "type": "MultiPolygon", "coordinates": [ [ [ [ 14.068136, 40.844902500000046 ], [ 14.068137, 40.83296850000005 ], [ 14.076049, 40.828689500000053 ], [ 14.077404500000057, 40.825476501000026 ], [ 14.073951, 40.821964500000036 ], [ 14.07189, 40.816987 ], [ 14.081467500000031, 40.800649 ], [ 14.088647500000036, 40.786981500000024 ], [ 14.090484, 40.77958250000006 ], [ 14.089523, 40.777759 ], [ 14.086177500000076, 40.779676 ], [ 14.081566, 40.78622450000006 ], [ 14.064885500000059, 40.788725 ], [ 14.066982, 40.792706500000065 ], [ 14.065408, 40.796814 ], [ 14.056394, 40.805493500000068 ], [ 14.044688500000063, 40.811 ], [ 14.047591500000067, 40.827279 ], [ 14.047607500000026, 40.845088500000031 ], [ 14.068136, 40.844902500000046 ] ] ] ] } },
{ "type": "Feature", "properties": { "nuts_name": "Barano d'Ischia" }, "geometry": { "type": "MultiPolygon", "coordinates": [ [ [ [ 13.932804, 40.734795 ], [ 13.935443, 40.724007 ], [ 13.939215, 40.713941 ], [ 13.954163, 40.707431500000041 ], [ 13.955894, 40.704831500000068 ], [ 13.954141, 40.700652500000047 ], [ 13.951466, 40.704992 ], [ 13.939472, 40.706655 ], [ 13.924047500000029, 40.698476 ], [ 13.898291500000028, 40.700958 ], [ 13.905134500000031, 40.711598500000036 ], [ 13.90588850000006, 40.729875999000058 ], [ 13.911205500000051, 40.729140500000028 ], [ 13.920288, 40.737198 ], [ 13.927331500000037, 40.739571 ], [ 13.932804, 40.734795 ] ] ] ] } },
{ "type": "Feature", "properties": { "nuts_name": "Boscoreale" }, "geometry": { "type": "MultiPolygon", "coordinates": [ [ [ [ 14.528071500000069, 40.79358 ], [ 14.537673500000039, 40.793329500000027 ], [ 14.541620500000024, 40.793603499000028 ], [ 14.550822, 40.789393499000028 ], [ 14.544891500000062, 40.778099 ], [ 14.535821, 40.780242 ], [ 14.520431, 40.778181 ], [ 14.507053, 40.772921500000052 ], [ 14.507319500000051, 40.769197500000075 ], [ 14.487700500000074, 40.767010500000026 ], [ 14.473243500000024, 40.756639500000063 ], [ 14.463384500000075, 40.763066 ], [ 14.472839, 40.774654 ], [ 14.466447500000072, 40.787809500000037 ], [ 14.486204, 40.775057500000059 ], [ 14.49784850000003, 40.77650249900006 ], [ 14.508407500000033, 40.791794500000037 ], [ 14.520731, 40.798815500000046 ], [ 14.528071500000069, 40.79358 ] ] ] ] } },
{ "type": "Feature", "properties": { "nuts_name": "Boscotrecase" }, "geometry": { "type": "MultiPolygon", "coordinates": [ [ [ [ 14.436197500000048, 40.809823 ], [ 14.466447500000072, 40.787809500000037 ], [ 14.472839, 40.774654 ], [ 14.463384500000075, 40.763066 ], [ 14.449966, 40.761020500000029 ], [ 14.452207, 40.769926 ], [ 14.451183, 40.779929 ], [ 14.443264500000055, 40.787135 ], [ 14.433753500000023, 40.804343 ], [ 14.426414500000019, 40.821318999000027 ], [ 14.436197500000048, 40.809823 ] ] ] ] } },
{ "type": "Feature", "properties": { "nuts_name": "Brusciano" }, "geometry": { "type": "MultiPolygon", "coordinates": [ [ [ [ 14.428271500000051, 40.945449500000052 ], [ 14.421695500000057, 40.937887 ], [ 14.42353, 40.932432 ], [ 14.432922, 40.927584 ], [ 14.43445950000006, 40.922616499000071 ], [ 14.429566500000021, 40.909937500000069 ], [ 14.426064, 40.909561 ], [ 14.425222500000075, 40.90118 ], [ 14.423031, 40.90308 ], [ 14.415384500000073, 40.909731 ], [ 14.417363500000024, 40.927792 ], [ 14.412524500000075, 40.92856050000006 ], [ 14.412689, 40.93938 ], [ 14.414722500000039, 40.951182500000073 ], [ 14.428271500000051, 40.945449500000052 ] ] ] ] } },
{ "type": "Feature", "properties": { "nuts_name": "Caivano" }, "geometry": { "type": "MultiPolygon", "coordinates": [ [ [ [ 14.326669, 41.000105500000075 ], [ 14.335048, 41.001783 ], [ 14.352333500000043, 40.977766 ], [ 14.343496500000072, 40.961558 ], [ 14.338693500000034, 40.959467500000073 ], [ 14.338148500000047, 40.952286 ], [ 14.352116, 40.944325 ], [ 14.356662500000029, 40.937326 ], [ 14.35139, 40.934605 ], [ 14.349155500000052, 40.939683 ], [ 14.351396500000021, 40.941181 ], [ 14.350477, 40.942885 ], [ 14.342527500000076, 40.946779 ], [ 14.331768500000068, 40.943826 ], [ 14.317115, 40.946683 ], [ 14.311783, 40.940826 ], [ 14.303433, 40.945042 ], [ 14.296107500000064, 40.95017850000005 ], [ 14.293048500000054, 40.969662500000027 ], [ 14.294311, 40.980525 ], [ 14.289314500000046, 40.986422 ], [ 14.293717, 41.001637 ], [ 14.297643500000051, 41.004706500000054 ], [ 14.326669, 41.000105500000075 ] ] ] ] } },
{ "type": "Feature", "properties": { "nuts_name": "Calvizzano" }, "geometry": { "type": "MultiPolygon", "coordinates": [ [ [ [ 14.194041, 40.915558 ], [ 14.201035500000046, 40.901733 ], [ 14.159627, 40.905205 ], [ 14.153923500000076, 40.910799 ], [ 14.150482500000066, 40.913643501000081 ], [ 14.154426, 40.915481500000055 ], [ 14.156119, 40.912124 ], [ 14.166060500000071, 40.910989 ], [ 14.169746500000031, 40.916342500000042 ], [ 14.194041, 40.915558 ] ] ] ] } },
{ "type": "Feature", "properties": { "nuts_name": "Camposano" }, "geometry": { "type": "MultiPolygon", "coordinates": [ [ [ [ 14.51805150000007, 40.958816500000069 ], [ 14.537863, 40.958642500000053 ], [ 14.539013, 40.955575500000066 ], [ 14.537685500000068, 40.943283500000064 ], [ 14.531861, 40.941934500000059 ], [ 14.520233500000074, 40.948678501000074 ], [ 14.510188500000027, 40.955097500000079 ], [ 14.504516, 40.962134500000047 ], [ 14.51805150000007, 40.958816500000069 ] ] ] ] } },
{ "type": "Feature", "properties": { "nuts_name": "Capri" }, "geometry": { "type": "MultiPolygon", "coordinates": [ [ [ [ 14.266277500000058, 40.556625 ], [ 14.259491, 40.546805 ], [ 14.255706500000031, 40.544472 ], [ 14.250605500000065, 40.543411 ], [ 14.244158, 40.546511501000055 ], [ 14.233267500000068, 40.545114500000068 ], [ 14.231082500000072, 40.541686001000073 ], [ 14.231385500000044, 40.548935500000027 ], [ 14.228476500000056, 40.556459500000074 ], [ 14.222366, 40.560828 ], [ 14.230482289000065, 40.558675272000073 ], [ 14.241720500000042, 40.555694500000072 ], [ 14.253719, 40.556558 ], [ 14.254726260000041, 40.557286630000078 ], [ 14.260325500000022, 40.561337 ], [ 14.266277500000058, 40.556625 ] ] ] ] } },
{ "type": "Feature", "properties": { "nuts_name": "Carbonara di Nola" }, "geometry": { "type": "MultiPolygon", "coordinates": [ [ [ [ 14.559499, 40.887934500000028 ], [ 14.577198, 40.880501500000037 ], [ 14.587108, 40.872577 ], [ 14.587268, 40.868054500000028 ], [ 14.596354500000075, 40.856756 ], [ 14.589299, 40.856325500000025 ], [ 14.575805, 40.862535 ], [ 14.571024500000021, 40.872482500000046 ], [ 14.561422, 40.877023 ], [ 14.555199, 40.87935850000008 ], [ 14.557472, 40.889133500000071 ], [ 14.559499, 40.887934500000028 ] ] ] ] } },
{ "type": "Feature", "properties": { "nuts_name": "Cardito" }, "geometry": { "type": "MultiPolygon", "coordinates": [ [ [ [ 14.303433, 40.945042 ], [ 14.306075, 40.939226499000029 ], [ 14.298238500000025, 40.928482 ], [ 14.28957, 40.926185 ], [ 14.284844, 40.943724 ], [ 14.296107500000064, 40.95017850000005 ], [ 14.303433, 40.945042 ] ] ] ] } },
{ "type": "Feature", "properties": { "nuts_name": "Casalnuovo di Napoli" }, "geometry": { "type": "MultiPolygon", "coordinates": [ [ [ [ 14.374165, 40.921079500000076 ], [ 14.365879, 40.908033 ], [ 14.361916500000063, 40.907984500000062 ], [ 14.35751, 40.901324 ], [ 14.359651500000041, 40.894907999000054 ], [ 14.364941500000043, 40.89280750100005 ], [ 14.365469, 40.885867500000074 ], [ 14.358229500000052, 40.886144500000057 ], [ 14.357948500000079, 40.892088500000057 ], [ 14.354794500000025, 40.896038 ], [ 14.345354500000042, 40.897289500000056 ], [ 14.340262, 40.893217 ], [ 14.330756500000064, 40.893596001000049 ], [ 14.330856, 40.897184500000037 ], [ 14.336050500000056, 40.900023500000032 ], [ 14.334548500000039, 40.911116 ], [ 14.344873500000064, 40.920844 ], [ 14.354877500000045, 40.922976 ], [ 14.374165, 40.921079500000076 ] ] ] ] } },
{ "type": "Feature", "properties": { "nuts_name": "Casamarciano" }, "geometry": { "type": "MultiPolygon", "coordinates": [ [ [ [ 14.573175, 40.939169500000048 ], [ 14.585338, 40.933917 ], [ 14.58795250000003, 40.933522500000038 ], [ 14.58013950000003, 40.932989001000067 ], [ 14.571851500000038, 40.925266500000077 ], [ 14.564843500000054, 40.92695150000003 ], [ 14.562444500000026, 40.92331850000005 ], [ 14.556121, 40.924051500000076 ], [ 14.544197500000054, 40.928938500000072 ], [ 14.535792500000071, 40.936942500000043 ], [ 14.535416500000052, 40.939715500000034 ], [ 14.548246500000062, 40.939830500000028 ], [ 14.547830500000034, 40.942742500000065 ], [ 14.551065, 40.944862 ], [ 14.560420500000076, 40.94567 ], [ 14.570869, 40.947658001000036 ], [ 14.573175, 40.939169500000048 ] ] ] ] } },
{ "type": "Feature", "properties": { "nuts_name": "Casamicciola Terme" }, "geometry": { "type": "MultiPolygon", "coordinates": [ [ [ [ 13.931346500000075, 40.746145500000068 ], [ 13.927331500000037, 40.739571 ], [ 13.920288, 40.737198 ], [ 13.911205500000051, 40.729140500000028 ], [ 13.90588850000006, 40.729875999000058 ], [ 13.893808500000034, 40.729958 ], [ 13.892033, 40.737002 ], [ 13.890932, 40.742478500000061 ], [ 13.89747, 40.747665500000039 ], [ 13.897600500000067, 40.751164 ], [ 13.907744500000035, 40.74881600100008 ], [ 13.918127480000066, 40.750469728000041 ], [ 13.923174, 40.751273501000071 ], [ 13.92830937200006, 40.748051208000049 ], [ 13.931346500000075, 40.746145500000068 ] ] ] ] } },
{ "type": "Feature", "properties": { "nuts_name": "Casandrino" }, "geometry": { "type": "MultiPolygon", "coordinates": [ [ [ [ 14.257192, 40.920899500000075 ], [ 14.25112450000006, 40.914918 ], [ 14.24281650000006, 40.913187500000056 ], [ 14.237450500000023, 40.92853 ], [ 14.24050950000003, 40.939167500000053 ], [ 14.250025, 40.940488499000033 ], [ 14.257192, 40.920899500000075 ] ] ] ] } },
{ "type": "Feature", "properties": { "nuts_name": "Casavatore" }, "geometry": { "type": "MultiPolygon", "coordinates": [ [ [ [ 14.284265, 40.898289500000033 ], [ 14.278373, 40.890446500000053 ], [ 14.270719, 40.891570500000057 ], [ 14.269275, 40.902208 ], [ 14.280618, 40.905132500000036 ], [ 14.284265, 40.898289500000033 ] ] ] ] } },
{ "type": "Feature", "properties": { "nuts_name": "Casola di Napoli" }, "geometry": { "type": "MultiPolygon", "coordinates": [ [ [ [ 14.52789, 40.705463 ], [ 14.539343, 40.699848501000083 ], [ 14.561566500000028, 40.689751500000057 ], [ 14.529704, 40.691606500000034 ], [ 14.517564500000049, 40.70581 ], [ 14.52789, 40.705463 ] ] ] ] } },
{ "type": "Feature", "properties": { "nuts_name": "Casoria" }, "geometry": { "type": "MultiPolygon", "coordinates": [ [ [ [ 14.298049500000047, 40.923948500000051 ], [ 14.298825500000079, 40.919083 ], [ 14.308008500000028, 40.906518500000061 ], [ 14.318726500000027, 40.901437 ], [ 14.326637500000063, 40.90390099900003 ], [ 14.330856, 40.897184500000037 ], [ 14.330756500000064, 40.893596001000049 ], [ 14.325738500000057, 40.88028550000007 ], [ 14.323502, 40.878518 ], [ 14.310594500000036, 40.881752500000061 ], [ 14.293260500000031, 40.893759500000044 ], [ 14.284265, 40.898289500000033 ], [ 14.280618, 40.905132500000036 ], [ 14.282605500000045, 40.916725 ], [ 14.28957, 40.926185 ], [ 14.298238500000025, 40.928482 ], [ 14.298049500000047, 40.923948500000051 ] ] ] ] } },
{ "type": "Feature", "properties": { "nuts_name": "Castellammare di Stabia" }, "geometry": { "type": "MultiPolygon", "coordinates": [ [ [ [ 14.487753, 40.729363500000034 ], [ 14.493777500000022, 40.728194 ], [ 14.498039, 40.722416500000065 ], [ 14.499247500000026, 40.70758 ], [ 14.501613, 40.701757 ], [ 14.49815, 40.686044501000026 ], [ 14.502471, 40.686780500000054 ], [ 14.498179, 40.683078500000079 ], [ 14.490215500000033, 40.664359500000046 ], [ 14.477149500000055, 40.670892501000026 ], [ 14.465344500000072, 40.670598 ], [ 14.459891, 40.673283 ], [ 14.457485500000077, 40.678245 ], [ 14.44180750000004, 40.683334500000058 ], [ 14.466783, 40.694064500000025 ], [ 14.472347524000044, 40.692041217000053 ], [ 14.473797500000048, 40.691514 ], [ 14.479247500000042, 40.695923 ], [ 14.481566, 40.704979500000043 ], [ 14.470584, 40.728654500000061 ], [ 14.479247500000042, 40.741756 ], [ 14.487753, 40.729363500000034 ] ] ] ] } },
{ "type": "Feature", "properties": { "nuts_name": "Castello di Cisterna" }, "geometry": { "type": "MultiPolygon", "coordinates": [ [ [ [ 14.412524500000075, 40.92856050000006 ], [ 14.417363500000024, 40.927792 ], [ 14.415384500000073, 40.909731 ], [ 14.423031, 40.90308 ], [ 14.419622, 40.903399001000032 ], [ 14.417622, 40.895993 ], [ 14.414961500000061, 40.898160500000074 ], [ 14.408415500000046, 40.903001500000073 ], [ 14.404067, 40.914497500000039 ], [ 14.404872500000065, 40.929009 ], [ 14.402419, 40.930845 ], [ 14.412689, 40.93938 ], [ 14.412524500000075, 40.92856050000006 ] ] ] ] } },
{ "type": "Feature", "properties": { "nuts_name": "Cercola" }, "geometry": { "type": "MultiPolygon", "coordinates": [ [ [ [ 14.37432, 40.865259 ], [ 14.360928, 40.860666500000036 ], [ 14.369077500000062, 40.854279500000075 ], [ 14.364215500000057, 40.850044 ], [ 14.349408500000038, 40.848037500000032 ], [ 14.347551500000066, 40.848902999000074 ], [ 14.346946, 40.855642 ], [ 14.353738, 40.857504500000061 ], [ 14.346801500000026, 40.866781500000059 ], [ 14.362635500000069, 40.876914 ], [ 14.37432, 40.865259 ] ] ] ] } },
{ "type": "Feature", "properties": { "nuts_name": "Cicciano" }, "geometry": { "type": "MultiPolygon", "coordinates": [ [ [ [ 14.529836500000043, 40.97613350000006 ], [ 14.536001500000053, 40.971883500000047 ], [ 14.547804, 40.969816501000025 ], [ 14.550694500000075, 40.962461500000074 ], [ 14.55541450000004, 40.956841001000043 ], [ 14.539013, 40.955575500000066 ], [ 14.537863, 40.958642500000053 ], [ 14.51805150000007, 40.958816500000069 ], [ 14.504516, 40.962134500000047 ], [ 14.488891500000024, 40.972953500000074 ], [ 14.50594250000006, 40.971654 ], [ 14.506381, 40.97431799900005 ], [ 14.531239, 40.977686500000068 ], [ 14.529836500000043, 40.97613350000006 ] ] ] ] } },
{ "type": "Feature", "properties": { "nuts_name": "Cimitile" }, "geometry": { "type": "MultiPolygon", "coordinates": [ [ [ [ 14.510188500000027, 40.955097500000079 ], [ 14.520233500000074, 40.948678501000074 ], [ 14.531861, 40.941934500000059 ], [ 14.537685500000068, 40.943283500000064 ], [ 14.535416500000052, 40.939715500000034 ], [ 14.535792500000071, 40.936942500000043 ], [ 14.53394, 40.93978 ], [ 14.522927500000037, 40.939910500000053 ], [ 14.508634500000028, 40.94358550000004 ], [ 14.498684500000026, 40.952254500000038 ], [ 14.501293500000029, 40.956158 ], [ 14.510188500000027, 40.955097500000079 ] ] ] ] } },
{ "type": "Feature", "properties": { "nuts_name": "Comiziano" }, "geometry": { "type": "MultiPolygon", "coordinates": [ [ [ [ 14.552857, 40.953496500000028 ], [ 14.560817, 40.948482 ], [ 14.560420500000076, 40.94567 ], [ 14.551065, 40.944862 ], [ 14.547830500000034, 40.942742500000065 ], [ 14.548246500000062, 40.939830500000028 ], [ 14.535416500000052, 40.939715500000034 ], [ 14.537685500000068, 40.943283500000064 ], [ 14.539013, 40.955575500000066 ], [ 14.55541450000004, 40.956841001000043 ], [ 14.552857, 40.953496500000028 ] ] ] ] } },
{ "type": "Feature", "properties": { "nuts_name": "Crispano" }, "geometry": { "type": "MultiPolygon", "coordinates": [ [ [ [ 14.296107500000064, 40.95017850000005 ], [ 14.284844, 40.943724 ], [ 14.278887500000053, 40.950633 ], [ 14.280518500000028, 40.955721 ], [ 14.285526500000062, 40.957566 ], [ 14.284509, 40.96026 ], [ 14.293048500000054, 40.969662500000027 ], [ 14.296107500000064, 40.95017850000005 ] ] ] ] } },
{ "type": "Feature", "properties": { "nuts_name": "Forio" }, "geometry": { "type": "MultiPolygon", "coordinates": [ [ [ [ 13.877088, 40.756823 ], [ 13.884009500000047, 40.748008 ], [ 13.880867500000022, 40.743932 ], [ 13.885335, 40.737444 ], [ 13.892033, 40.737002 ], [ 13.893808500000034, 40.729958 ], [ 13.883404, 40.726136500000052 ], [ 13.880746500000043, 40.714409 ], [ 13.881568500000071, 40.699993499000072 ], [ 13.873356500000057, 40.698189500000069 ], [ 13.851102500000025, 40.710889500000064 ], [ 13.86131, 40.717547 ], [ 13.859068, 40.727198500000043 ], [ 13.858045308000044, 40.728260142000067 ], [ 13.854775, 40.731655 ], [ 13.855136500000071, 40.737350500000048 ], [ 13.862964212000065, 40.740567055000042 ], [ 13.863690500000075, 40.740865500000041 ], [ 13.868655500000045, 40.752454001000046 ], [ 13.867926476000036, 40.752982451000037 ], [ 13.861895, 40.757354501000066 ], [ 13.871362, 40.761578 ], [ 13.877088, 40.756823 ] ] ] ] } },
{ "type": "Feature", "properties": { "nuts_name": "Frattamaggiore" }, "geometry": { "type": "MultiPolygon", "coordinates": [ [ [ [ 14.270929, 40.947715001000063 ], [ 14.278887500000053, 40.950633 ], [ 14.284844, 40.943724 ], [ 14.28957, 40.926185 ], [ 14.282605500000045, 40.916725 ], [ 14.275343500000076, 40.924437500000074 ], [ 14.266389500000059, 40.923806 ], [ 14.268999, 40.925031500000046 ], [ 14.267000500000053, 40.936044 ], [ 14.259395500000041, 40.944751500000052 ], [ 14.260274500000039, 40.950153500000056 ], [ 14.264081, 40.951852 ], [ 14.267878, 40.952254 ], [ 14.270929, 40.947715001000063 ] ] ] ] } },
{ "type": "Feature", "properties": { "nuts_name": "Frattaminore" }, "geometry": { "type": "MultiPolygon", "coordinates": [ [ [ [ 14.284509, 40.96026 ], [ 14.285526500000062, 40.957566 ], [ 14.280518500000028, 40.955721 ], [ 14.278887500000053, 40.950633 ], [ 14.270929, 40.947715001000063 ], [ 14.267878, 40.952254 ], [ 14.264081, 40.951852 ], [ 14.263534, 40.961514500000085 ], [ 14.284509, 40.96026 ] ] ] ] } },
{ "type": "Feature", "properties": { "nuts_name": "Giugliano in Campania" }, "geometry": { "type": "MultiPolygon", "coordinates": [ [ [ [ 14.140299500000026, 40.979100001000063 ], [ 14.14421, 40.967121500000076 ], [ 14.147291500000051, 40.957688500000074 ], [ 14.129726, 40.949817001000042 ], [ 14.143408500000078, 40.943518 ], [ 14.156782, 40.951452001000064 ], [ 14.164372, 40.951669500000037 ], [ 14.166444, 40.951279499000066 ], [ 14.167256500000065, 40.944382499000028 ], [ 14.173763500000064, 40.950061500000061 ], [ 14.172257500000059, 40.953926 ], [ 14.19719850000007, 40.953859 ], [ 14.214374, 40.949246500000072 ], [ 14.223220500000025, 40.932512999000039 ], [ 14.220813500000077, 40.91815 ], [ 14.206696, 40.922014 ], [ 14.181659, 40.923886500000037 ], [ 14.164151, 40.922148500000048 ], [ 14.157467500000052, 40.922917 ], [ 14.161920500000065, 40.928244500000062 ], [ 14.118827500000066, 40.931269500000042 ], [ 14.108725500000048, 40.935225500000058 ], [ 14.108331, 40.930160500000056 ], [ 14.114926500000024, 40.913058 ], [ 14.11203, 40.902270500000043 ], [ 14.101748, 40.893615500000067 ], [ 14.097427500000038, 40.883944 ], [ 14.099833500000045, 40.878554 ], [ 14.081855, 40.878803 ], [ 14.072803500000079, 40.873474 ], [ 14.040750500000058, 40.877904 ], [ 14.032130500000051, 40.898839 ], [ 14.035706, 40.899829001000057 ], [ 14.026999500000045, 40.915931 ], [ 14.028840500000058, 40.924809 ], [ 14.018285, 40.943862 ], [ 14.018023, 40.947866500000032 ], [ 14.023245, 40.95113 ], [ 14.029896, 40.948401499000056 ], [ 14.046486, 40.953851 ], [ 14.043069500000058, 40.957642500000077 ], [ 14.047396, 40.959177 ], [ 14.092659, 40.959963500000072 ], [ 14.099281, 40.962375500000064 ], [ 14.112237, 40.978942500000073 ], [ 14.128684500000077, 40.979142 ], [ 14.140299500000026, 40.979100001000063 ] ] ] ] } },
{ "type": "Feature", "properties": { "nuts_name": "Gragnano" }, "geometry": { "type": "MultiPolygon", "coordinates": [ [ [ [ 14.51811, 40.707305 ], [ 14.517564500000049, 40.70581 ], [ 14.529704, 40.691606500000034 ], [ 14.561566500000028, 40.689751500000057 ], [ 14.560998, 40.687956 ], [ 14.580532500000061, 40.68554 ], [ 14.577826500000073, 40.678903 ], [ 14.574581500000022, 40.677268499000036 ], [ 14.57232, 40.670041 ], [ 14.55721, 40.670249500000068 ], [ 14.555223, 40.667872500000044 ], [ 14.550856500000068, 40.670341500000063 ], [ 14.537968, 40.670737501000076 ], [ 14.527886500000024, 40.672509500000047 ], [ 14.527966, 40.68134599900003 ], [ 14.516292, 40.680870500000026 ], [ 14.50424650000002, 40.688321 ], [ 14.502471, 40.686780500000054 ], [ 14.49815, 40.686044501000026 ], [ 14.501613, 40.701757 ], [ 14.499247500000026, 40.70758 ], [ 14.517660500000034, 40.710604500000052 ], [ 14.51811, 40.707305 ] ] ] ] } },
{ "type": "Feature", "properties": { "nuts_name": "Grumo Nevano" }, "geometry": { "type": "MultiPolygon", "coordinates": [ [ [ [ 14.259395500000041, 40.944751500000052 ], [ 14.267000500000053, 40.936044 ], [ 14.268999, 40.925031500000046 ], [ 14.266389500000059, 40.923806 ], [ 14.257192, 40.920899500000075 ], [ 14.250025, 40.940488499000033 ], [ 14.252277, 40.94604 ], [ 14.260274500000039, 40.950153500000056 ], [ 14.259395500000041, 40.944751500000052 ] ] ] ] } },
{ "type": "Feature", "properties": { "nuts_name": "Ischia" }, "geometry": { "type": "MultiPolygon", "coordinates": [ [ [ [ 13.95391950000004, 40.741968 ], [ 13.95550650000007, 40.739009500000066 ], [ 13.957085179000046, 40.733746411000027 ], [ 13.960276500000077, 40.723107 ], [ 13.961533583000062, 40.72219345600007 ], [ 13.964700500000049, 40.719892 ], [ 13.965268500000036, 40.712493500000051 ], [ 13.954163, 40.707431500000041 ], [ 13.939215, 40.713941 ], [ 13.935443, 40.724007 ], [ 13.932804, 40.734795 ], [ 13.927331500000037, 40.739571 ], [ 13.931346500000075, 40.746145500000068 ], [ 13.935672733000047, 40.746302178000064 ], [ 13.941066, 40.746497500000032 ], [ 13.95391950000004, 40.741968 ] ] ] ] } },
{ "type": "Feature", "properties": { "nuts_name": "Lacco Ameno" }, "geometry": { "type": "MultiPolygon", "coordinates": [ [ [ [ 13.885434500000031, 40.759220500000026 ], [ 13.885611331000064, 40.758193335000044 ], [ 13.886349500000051, 40.75390550000003 ], [ 13.897600500000067, 40.751164 ], [ 13.89747, 40.747665500000039 ], [ 13.890932, 40.742478500000061 ], [ 13.892033, 40.737002 ], [ 13.885335, 40.737444 ], [ 13.880867500000022, 40.743932 ], [ 13.884009500000047, 40.748008 ], [ 13.877088, 40.756823 ], [ 13.878004500000031, 40.759221 ], [ 13.881285822000052, 40.759220779000032 ], [ 13.885434500000031, 40.759220500000026 ] ] ] ] } },
{ "type": "Feature", "properties": { "nuts_name": "Lettere" }, "geometry": { "type": "MultiPolygon", "coordinates": [ [ [ [ 14.570521, 40.717998501000068 ], [ 14.571678, 40.710486500000059 ], [ 14.579927500000053, 40.709530500000028 ], [ 14.577043500000059, 40.701356500000031 ], [ 14.590655, 40.693967 ], [ 14.590299, 40.69028 ], [ 14.580532500000061, 40.68554 ], [ 14.560998, 40.687956 ], [ 14.561566500000028, 40.689751500000057 ], [ 14.539343, 40.699848501000083 ], [ 14.52789, 40.705463 ], [ 14.517564500000049, 40.70581 ], [ 14.51811, 40.707305 ], [ 14.537491, 40.710556 ], [ 14.541435500000036, 40.715263500000049 ], [ 14.565164, 40.722349500000064 ], [ 14.567745500000058, 40.722395500000061 ], [ 14.570521, 40.717998501000068 ] ] ] ] } },
{ "type": "Feature", "properties": { "nuts_name": "Liveri" }, "geometry": { "type": "MultiPolygon", "coordinates": [ [ [ [ 14.574308500000029, 40.90907 ], [ 14.56772, 40.892143499000042 ], [ 14.559499, 40.887934500000028 ], [ 14.557472, 40.889133500000071 ], [ 14.554104, 40.892154500000061 ], [ 14.554679, 40.900013 ], [ 14.565249, 40.90848599900005 ], [ 14.573533, 40.909354 ], [ 14.574308500000029, 40.90907 ] ] ] ] } },
{ "type": "Feature", "properties": { "nuts_name": "Marano di Napoli" }, "geometry": { "type": "MultiPolygon", "coordinates": [ [ [ [ 14.159627, 40.905205 ], [ 14.201035500000046, 40.901733 ], [ 14.20437, 40.897465500000067 ], [ 14.20262, 40.885532 ], [ 14.176559500000053, 40.874472500000032 ], [ 14.155701500000077, 40.867603001000077 ], [ 14.152493500000048, 40.8763 ], [ 14.157600500000058, 40.878722500000038 ], [ 14.157997500000022, 40.884844 ], [ 14.154292500000054, 40.895345 ], [ 14.145178500000043, 40.898905500000069 ], [ 14.135011, 40.895430500000032 ], [ 14.124671, 40.897215 ], [ 14.11944950000003, 40.903417001000037 ], [ 14.142183, 40.904464501000064 ], [ 14.153923500000076, 40.910799 ], [ 14.159627, 40.905205 ] ] ] ] } },
{ "type": "Feature", "properties": { "nuts_name": "Mariglianella" }, "geometry": { "type": "MultiPolygon", "coordinates": [ [ [ [ 14.43792250000007, 40.94095150000004 ], [ 14.443607, 40.934439 ], [ 14.441655, 40.921216 ], [ 14.435022500000059, 40.911876 ], [ 14.429566500000021, 40.909937500000069 ], [ 14.43445950000006, 40.922616499000071 ], [ 14.432922, 40.927584 ], [ 14.42353, 40.932432 ], [ 14.421695500000057, 40.937887 ], [ 14.428271500000051, 40.945449500000052 ], [ 14.43792250000007, 40.94095150000004 ] ] ] ] } },
{ "type": "Feature", "properties": { "nuts_name": "Marigliano" }, "geometry": { "type": "MultiPolygon", "coordinates": [ [ [ [ 14.466263500000025, 40.969190501000071 ], [ 14.472627500000042, 40.958889 ], [ 14.467810500000041, 40.952986 ], [ 14.472341500000029, 40.940557500000068 ], [ 14.474273, 40.925821 ], [ 14.465906500000074, 40.912942 ], [ 14.464962, 40.909794 ], [ 14.465568, 40.899497999000062 ], [ 14.429099, 40.906346500000048 ], [ 14.429566500000021, 40.909937500000069 ], [ 14.435022500000059, 40.911876 ], [ 14.441655, 40.921216 ], [ 14.443607, 40.934439 ], [ 14.43792250000007, 40.94095150000004 ], [ 14.428271500000051, 40.945449500000052 ], [ 14.414722500000039, 40.951182500000073 ], [ 14.417995500000073, 40.95543 ], [ 14.438581, 40.958372500000053 ], [ 14.454638, 40.971853 ], [ 14.466263500000025, 40.969190501000071 ] ] ] ] } },
{ "type": "Feature", "properties": { "nuts_name": "Massa Lubrense" }, "geometry": { "type": "MultiPolygon", "coordinates": [ [ [ [ 14.346991500000058, 40.627014 ], [ 14.35968, 40.614422 ], [ 14.375594, 40.611731500000076 ], [ 14.391264500000034, 40.605835500000069 ], [ 14.393678500000021, 40.600307500000042 ], [ 14.39270750000003, 40.594827500000065 ], [ 14.347124500000062, 40.579493 ], [ 14.324673, 40.569085 ], [ 14.32042, 40.587623500000063 ], [ 14.327902, 40.594745500000045 ], [ 14.342073, 40.61875150000003 ], [ 14.33863, 40.625941500000067 ], [ 14.339544, 40.628024500000038 ], [ 14.346991500000058, 40.627014 ] ] ] ] } },
{ "type": "Feature", "properties": { "nuts_name": "Melito di Napoli" }, "geometry": { "type": "MultiPolygon", "coordinates": [ [ [ [ 14.237450500000023, 40.92853 ], [ 14.24281650000006, 40.913187500000056 ], [ 14.237718, 40.912371 ], [ 14.237218, 40.907504 ], [ 14.240713500000027, 40.907681 ], [ 14.237841, 40.905086500000039 ], [ 14.225965, 40.909219 ], [ 14.220813500000077, 40.91815 ], [ 14.223220500000025, 40.932512999000039 ], [ 14.237450500000023, 40.92853 ] ] ] ] } },
{ "type": "Feature", "properties": { "nuts_name": "Meta" }, "geometry": { "type": "MultiPolygon", "coordinates": [ [ [ [ 14.418962, 40.64468050000005 ], [ 14.421301500000029, 40.645194500000059 ], [ 14.420415, 40.647865 ], [ 14.422023500000025, 40.648745 ], [ 14.431503, 40.634635 ], [ 14.431996, 40.628256 ], [ 14.405865500000061, 40.643164 ], [ 14.408285500000034, 40.651677 ], [ 14.418962, 40.64468050000005 ] ] ] ] } },
{ "type": "Feature", "properties": { "nuts_name": "Monte di Procida" }, "geometry": { "type": "MultiPolygon", "coordinates": [ [ [ [ 14.056394, 40.805493500000068 ], [ 14.065408, 40.796814 ], [ 14.066982, 40.792706500000065 ], [ 14.064885500000059, 40.788725 ], [ 14.044986500000052, 40.790681 ], [ 14.040833, 40.797331500000041 ], [ 14.041421, 40.806575500000065 ], [ 14.042864841000039, 40.808530595000036 ], [ 14.044688500000063, 40.811 ], [ 14.056394, 40.805493500000068 ] ] ] ] } },
{ "type": "Feature", "properties": { "nuts_name": "Mugnano di Napoli" }, "geometry": { "type": "MultiPolygon", "coordinates": [ [ [ [ 14.220813500000077, 40.91815 ], [ 14.225965, 40.909219 ], [ 14.22324750000007, 40.89897250100006 ], [ 14.20437, 40.897465500000067 ], [ 14.201035500000046, 40.901733 ], [ 14.194041, 40.915558 ], [ 14.205916, 40.915788 ], [ 14.206696, 40.922014 ], [ 14.220813500000077, 40.91815 ] ] ] ] } },
{ "type": "Feature", "properties": { "nuts_name": "Napoli" }, "geometry": { "type": "MultiPolygon", "coordinates": [ [ [ [ 14.248876, 40.910609 ], [ 14.250843, 40.908316 ], [ 14.269275, 40.902208 ], [ 14.270719, 40.891570500000057 ], [ 14.278373, 40.890446500000053 ], [ 14.284265, 40.898289500000033 ], [ 14.293260500000031, 40.893759500000044 ], [ 14.310594500000036, 40.881752500000061 ], [ 14.323502, 40.878518 ], [ 14.325738500000057, 40.88028550000007 ], [ 14.346801500000026, 40.866781500000059 ], [ 14.353738, 40.857504500000061 ], [ 14.346946, 40.855642 ], [ 14.347551500000066, 40.848902999000074 ], [ 14.349408500000038, 40.848037500000032 ], [ 14.347061, 40.84723450000007 ], [ 14.339155, 40.845423500000038 ], [ 14.315590500000042, 40.827643999000031 ], [ 14.32317050000006, 40.823077500000068 ], [ 14.320049500000041, 40.821462500000052 ], [ 14.292278500000066, 40.837750500000027 ], [ 14.274676, 40.844417500000077 ], [ 14.264507, 40.844609500000047 ], [ 14.251819500000067, 40.836154500000077 ], [ 14.252866, 40.83536550000008 ], [ 14.242986500000029, 40.831317 ], [ 14.22571350000004, 40.830576500000063 ], [ 14.20564, 40.808621500000072 ], [ 14.207633, 40.801010500000075 ], [ 14.186262500000055, 40.792336500000033 ], [ 14.174222, 40.799098 ], [ 14.169362, 40.806034500000067 ], [ 14.159217, 40.816842500000064 ], [ 14.153429, 40.838237 ], [ 14.158869500000037, 40.840401500000041 ], [ 14.160613500000068, 40.846134 ], [ 14.154368500000032, 40.851928 ], [ 14.138517500000034, 40.848656 ], [ 14.132333, 40.855479 ], [ 14.137238500000024, 40.855667 ], [ 14.140664, 40.86693450000007 ], [ 14.155701500000077, 40.867603001000077 ], [ 14.176559500000053, 40.874472500000032 ], [ 14.20262, 40.885532 ], [ 14.20437, 40.897465500000067 ], [ 14.22324750000007, 40.89897250100006 ], [ 14.225965, 40.909219 ], [ 14.237841, 40.905086500000039 ], [ 14.240713500000027, 40.907681 ], [ 14.237218, 40.907504 ], [ 14.237718, 40.912371 ], [ 14.24281650000006, 40.913187500000056 ], [ 14.25112450000006, 40.914918 ], [ 14.248876, 40.910609 ] ] ] ] } },
{ "type": "Feature", "properties": { "nuts_name": "Nola" }, "geometry": { "type": "MultiPolygon", "coordinates": [ [ [ [ 14.49072, 40.880146 ], [ 14.488187, 40.87618 ], [ 14.472970500000031, 40.885354 ], [ 14.484022, 40.886745 ], [ 14.483121, 40.883560500000044 ], [ 14.49072, 40.880146 ] ] ], [ [ [ 14.506381, 40.97431799900005 ], [ 14.50594250000006, 40.971654 ], [ 14.488891500000024, 40.972953500000074 ], [ 14.504516, 40.962134500000047 ], [ 14.510188500000027, 40.955097500000079 ], [ 14.501293500000029, 40.956158 ], [ 14.498684500000026, 40.952254500000038 ], [ 14.508634500000028, 40.94358550000004 ], [ 14.522927500000037, 40.939910500000053 ], [ 14.53394, 40.93978 ], [ 14.535792500000071, 40.936942500000043 ], [ 14.544197500000054, 40.928938500000072 ], [ 14.556121, 40.924051500000076 ], [ 14.562444500000026, 40.92331850000005 ], [ 14.564843500000054, 40.92695150000003 ], [ 14.571851500000038, 40.925266500000077 ], [ 14.573533, 40.909354 ], [ 14.565249, 40.90848599900005 ], [ 14.562388500000056, 40.912077 ], [ 14.559845, 40.914158 ], [ 14.538668, 40.919848 ], [ 14.534283, 40.911578500000076 ], [ 14.534473500000049, 40.907372 ], [ 14.544354, 40.90797850000007 ], [ 14.55072, 40.904466500000069 ], [ 14.554679, 40.900013 ], [ 14.554104, 40.892154500000061 ], [ 14.518354500000042, 40.875676500000054 ], [ 14.513632, 40.874485500000048 ], [ 14.508336500000041, 40.866871 ], [ 14.512505500000032, 40.857892 ], [ 14.490336, 40.866727500000025 ], [ 14.47623, 40.863703500000042 ], [ 14.48753750000003, 40.87526 ], [ 14.502592, 40.87447 ], [ 14.523638, 40.895654 ], [ 14.522938500000068, 40.913965 ], [ 14.514476, 40.924576 ], [ 14.500933500000032, 40.928132 ], [ 14.496736, 40.928733500000078 ], [ 14.495033500000032, 40.937025499000072 ], [ 14.478481500000045, 40.945157 ], [ 14.472627500000042, 40.958889 ], [ 14.466263500000025, 40.969190501000071 ], [ 14.454638, 40.971853 ], [ 14.452212500000032, 40.983437500000036 ], [ 14.477090500000031, 40.981418500000075 ], [ 14.495227, 40.979167500000074 ], [ 14.506381, 40.97431799900005 ] ] ] ] } },
{ "type": "Feature", "properties": { "nuts_name": "Ottaviano" }, "geometry": { "type": "MultiPolygon", "coordinates": [ [ [ [ 14.512505500000032, 40.857892 ], [ 14.526869500000032, 40.847463 ], [ 14.529549, 40.844336501000043 ], [ 14.530346500000066, 40.837190500000077 ], [ 14.513458, 40.841769001000046 ], [ 14.501449500000037, 40.840597500000058 ], [ 14.487903, 40.84375650000004 ], [ 14.486313500000053, 40.839137500000049 ], [ 14.487892500000044, 40.83114450000005 ], [ 14.475107, 40.832879 ], [ 14.444942500000025, 40.828846 ], [ 14.448288, 40.824492500000076 ], [ 14.447636500000044, 40.817334500000072 ], [ 14.436197500000048, 40.809823 ], [ 14.426414500000019, 40.821318999000027 ], [ 14.436422, 40.832809 ], [ 14.440977500000031, 40.839288 ], [ 14.456474500000072, 40.847286500000052 ], [ 14.460687, 40.853010001000037 ], [ 14.47623, 40.863703500000042 ], [ 14.490336, 40.866727500000025 ], [ 14.512505500000032, 40.857892 ] ] ] ] } },
{ "type": "Feature", "properties": { "nuts_name": "Palma Campania" }, "geometry": { "type": "MultiPolygon", "coordinates": [ [ [ [ 14.557472, 40.889133500000071 ], [ 14.555199, 40.87935850000008 ], [ 14.561422, 40.877023 ], [ 14.571024500000021, 40.872482500000046 ], [ 14.575805, 40.862535 ], [ 14.589299, 40.856325500000025 ], [ 14.596354500000075, 40.856756 ], [ 14.605582, 40.847567500000032 ], [ 14.571168500000056, 40.847129500000051 ], [ 14.564676, 40.835128500000053 ], [ 14.563241500000061, 40.831374 ], [ 14.55166950000006, 40.832554 ], [ 14.546309500000065, 40.828424 ], [ 14.531939, 40.831636 ], [ 14.542258500000058, 40.853921 ], [ 14.543499500000051, 40.862847 ], [ 14.531264500000075, 40.873616500000026 ], [ 14.518354500000042, 40.875676500000054 ], [ 14.554104, 40.892154500000061 ], [ 14.557472, 40.889133500000071 ] ] ] ] } },
{ "type": "Feature", "properties": { "nuts_name": "Piano di Sorrento" }, "geometry": { "type": "MultiPolygon", "coordinates": [ [ [ [ 14.431996, 40.628256 ], [ 14.442435500000046, 40.628380001000039 ], [ 14.447994500000052, 40.623894500000063 ], [ 14.448508500000061, 40.61793700100003 ], [ 14.436184500000026, 40.612444 ], [ 14.419016500000055, 40.61012050000005 ], [ 14.413998500000048, 40.613367 ], [ 14.41351, 40.617832500000077 ], [ 14.402145, 40.630304 ], [ 14.407042, 40.632725500000049 ], [ 14.399750500000039, 40.637943500000063 ], [ 14.405865500000061, 40.643164 ], [ 14.431996, 40.628256 ] ] ] ] } },
{ "type": "Feature", "properties": { "nuts_name": "Pimonte" }, "geometry": { "type": "MultiPolygon", "coordinates": [ [ [ [ 14.50424650000002, 40.688321 ], [ 14.516292, 40.680870500000026 ], [ 14.527966, 40.68134599900003 ], [ 14.527886500000024, 40.672509500000047 ], [ 14.537968, 40.670737501000076 ], [ 14.550856500000068, 40.670341500000063 ], [ 14.555223, 40.667872500000044 ], [ 14.548303500000033, 40.666301 ], [ 14.535745, 40.660325 ], [ 14.52629, 40.655755500000055 ], [ 14.509469, 40.645654 ], [ 14.501976, 40.64816 ], [ 14.490215500000033, 40.664359500000046 ], [ 14.498179, 40.683078500000079 ], [ 14.502471, 40.686780500000054 ], [ 14.50424650000002, 40.688321 ] ] ] ] } },
{ "type": "Feature", "properties": { "nuts_name": "Poggiomarino" }, "geometry": { "type": "MultiPolygon", "coordinates": [ [ [ [ 14.546309500000065, 40.828424 ], [ 14.561414500000069, 40.824332500000025 ], [ 14.555318, 40.809720500000026 ], [ 14.559408500000076, 40.803035 ], [ 14.574272500000061, 40.800219500000026 ], [ 14.575979, 40.786828 ], [ 14.552756500000045, 40.792641500000059 ], [ 14.550822, 40.789393499000028 ], [ 14.541620500000024, 40.793603499000028 ], [ 14.537673500000039, 40.793329500000027 ], [ 14.528071500000069, 40.79358 ], [ 14.520731, 40.798815500000046 ], [ 14.524429500000053, 40.805444 ], [ 14.530134, 40.805161 ], [ 14.531842500000039, 40.808432499000048 ], [ 14.526872500000025, 40.810300500000039 ], [ 14.531939, 40.831636 ], [ 14.546309500000065, 40.828424 ] ] ] ] } },
{ "type": "Feature", "properties": { "nuts_name": "Pollena Trocchia" }, "geometry": { "type": "MultiPolygon", "coordinates": [ [ [ [ 14.365469, 40.885867500000074 ], [ 14.386357, 40.86327650000004 ], [ 14.393379, 40.858423500000072 ], [ 14.409207, 40.843712 ], [ 14.416421, 40.836805 ], [ 14.416948, 40.833454 ], [ 14.415178500000025, 40.832484 ], [ 14.411716500000066, 40.834951500000045 ], [ 14.405413, 40.834298 ], [ 14.389407, 40.846455500000047 ], [ 14.37839450000007, 40.847994500000027 ], [ 14.369077500000062, 40.854279500000075 ], [ 14.360928, 40.860666500000036 ], [ 14.37432, 40.865259 ], [ 14.362635500000069, 40.876914 ], [ 14.358229500000052, 40.886144500000057 ], [ 14.365469, 40.885867500000074 ] ] ] ] } },
{ "type": "Feature", "properties": { "nuts_name": "Pomigliano d'Arco" }, "geometry": { "type": "MultiPolygon", "coordinates": [ [ [ [ 14.402419, 40.930845 ], [ 14.404872500000065, 40.929009 ], [ 14.404067, 40.914497500000039 ], [ 14.408415500000046, 40.903001500000073 ], [ 14.414961500000061, 40.898160500000074 ], [ 14.413501500000052, 40.893444500000044 ], [ 14.404229500000042, 40.896359500000081 ], [ 14.380672, 40.893386 ], [ 14.378879, 40.898089 ], [ 14.380350500000079, 40.900361500000031 ], [ 14.376618, 40.900391500000076 ], [ 14.364941500000043, 40.89280750100005 ], [ 14.359651500000041, 40.894907999000054 ], [ 14.35751, 40.901324 ], [ 14.361916500000063, 40.907984500000062 ], [ 14.365879, 40.908033 ], [ 14.374165, 40.921079500000076 ], [ 14.386648, 40.921628 ], [ 14.395342, 40.92565 ], [ 14.398767, 40.933549500000026 ], [ 14.402419, 40.930845 ] ] ] ] } },
{ "type": "Feature", "properties": { "nuts_name": "Pompei" }, "geometry": { "type": "MultiPolygon", "coordinates": [ [ [ [ 14.510831, 40.76512 ], [ 14.514357, 40.746297500000026 ], [ 14.505478500000038, 40.740241001000072 ], [ 14.508358500000043, 40.737735499000053 ], [ 14.517809500000057, 40.737951 ], [ 14.520524, 40.734737 ], [ 14.498039, 40.722416500000065 ], [ 14.493777500000022, 40.728194 ], [ 14.487753, 40.729363500000034 ], [ 14.479247500000042, 40.741756 ], [ 14.473243500000024, 40.756639500000063 ], [ 14.487700500000074, 40.767010500000026 ], [ 14.507319500000051, 40.769197500000075 ], [ 14.510831, 40.76512 ] ] ] ] } },
{ "type": "Feature", "properties": { "nuts_name": "Portici" }, "geometry": { "type": "MultiPolygon", "coordinates": [ [ [ [ 14.355705500000056, 40.828666500000054 ], [ 14.36033, 40.816107001000034 ], [ 14.343921, 40.810319500000048 ], [ 14.338449, 40.804365501000063 ], [ 14.324747021000064, 40.817097516000047 ], [ 14.320049500000041, 40.821462500000052 ], [ 14.32317050000006, 40.823077500000068 ], [ 14.349662, 40.827537 ], [ 14.351788, 40.829975499000057 ], [ 14.355705500000056, 40.828666500000054 ] ] ] ] } },
{ "type": "Feature", "properties": { "nuts_name": "Pozzuoli" }, "geometry": { "type": "MultiPolygon", "coordinates": [ [ [ [ 14.099833500000045, 40.878554 ], [ 14.124203, 40.871454999000036 ], [ 14.127268500000071, 40.866695 ], [ 14.140664, 40.86693450000007 ], [ 14.137238500000024, 40.855667 ], [ 14.132333, 40.855479 ], [ 14.138517500000034, 40.848656 ], [ 14.154368500000032, 40.851928 ], [ 14.160613500000068, 40.846134 ], [ 14.158869500000037, 40.840401500000041 ], [ 14.153429, 40.838237 ], [ 14.159217, 40.816842500000064 ], [ 14.119729500000062, 40.820056 ], [ 14.117682500000058, 40.821835500000077 ], [ 14.119712500000048, 40.824086 ], [ 14.119131564000043, 40.824992658000042 ], [ 14.117405500000075, 40.827686500000027 ], [ 14.107308500000045, 40.831557 ], [ 14.08893850000004, 40.830706500000076 ], [ 14.077404500000057, 40.825476501000026 ], [ 14.076049, 40.828689500000053 ], [ 14.068137, 40.83296850000005 ], [ 14.068136, 40.844902500000046 ], [ 14.047607500000026, 40.845088500000031 ], [ 14.040750500000058, 40.877904 ], [ 14.072803500000079, 40.873474 ], [ 14.081855, 40.878803 ], [ 14.099833500000045, 40.878554 ] ] ] ] } },
{ "type": "Feature", "properties": { "nuts_name": "Procida" }, "geometry": { "type": "MultiPolygon", "coordinates": [ [ [ [ 14.035903500000076, 40.764789 ], [ 14.032905, 40.758677 ], [ 14.031355500000075, 40.76162 ], [ 14.028345500000059, 40.761383500000079 ], [ 14.020597500000065, 40.757137 ], [ 14.007336500000065, 40.748492500000054 ], [ 14.005115500000045, 40.746715 ], [ 14.004053, 40.744981500000051 ], [ 13.997545, 40.739934500000061 ], [ 13.990259500000036, 40.742845500000044 ], [ 13.994256500000063, 40.748894500000063 ], [ 14.001421, 40.747363500000063 ], [ 14.004158500000075, 40.750199 ], [ 14.009636500000056, 40.759244 ], [ 14.009605, 40.769307 ], [ 14.035903500000076, 40.764789 ] ] ] ] } },
{ "type": "Feature", "properties": { "nuts_name": "Qualiano" }, "geometry": { "type": "MultiPolygon", "coordinates": [ [ [ [ 14.118827500000066, 40.931269500000042 ], [ 14.161920500000065, 40.928244500000062 ], [ 14.157467500000052, 40.922917 ], [ 14.164151, 40.922148500000048 ], [ 14.1573, 40.919913501000053 ], [ 14.159557500000062, 40.915843501000047 ], [ 14.154426, 40.915481500000055 ], [ 14.150482500000066, 40.913643501000081 ], [ 14.136266500000033, 40.91570850100004 ], [ 14.114926500000024, 40.913058 ], [ 14.108331, 40.930160500000056 ], [ 14.108725500000048, 40.935225500000058 ], [ 14.118827500000066, 40.931269500000042 ] ] ] ] } },
{ "type": "Feature", "properties": { "nuts_name": "Quarto" }, "geometry": { "type": "MultiPolygon", "coordinates": [ [ [ [ 14.124671, 40.897215 ], [ 14.135011, 40.895430500000032 ], [ 14.145178500000043, 40.898905500000069 ], [ 14.154292500000054, 40.895345 ], [ 14.157997500000022, 40.884844 ], [ 14.157600500000058, 40.878722500000038 ], [ 14.152493500000048, 40.8763 ], [ 14.155701500000077, 40.867603001000077 ], [ 14.140664, 40.86693450000007 ], [ 14.127268500000071, 40.866695 ], [ 14.124203, 40.871454999000036 ], [ 14.099833500000045, 40.878554 ], [ 14.097427500000038, 40.883944 ], [ 14.101748, 40.893615500000067 ], [ 14.11203, 40.902270500000043 ], [ 14.11944950000003, 40.903417001000037 ], [ 14.124671, 40.897215 ] ] ] ] } },
{ "type": "Feature", "properties": { "nuts_name": "Ercolano" }, "geometry": { "type": "MultiPolygon", "coordinates": [ [ [ [ 14.383103, 40.838045 ], [ 14.393623, 40.831606 ], [ 14.415178500000025, 40.832484 ], [ 14.416948, 40.833454 ], [ 14.428208, 40.835781500000053 ], [ 14.436422, 40.832809 ], [ 14.426414500000019, 40.821318999000027 ], [ 14.391699500000074, 40.813443 ], [ 14.369915500000047, 40.795290500000078 ], [ 14.35831150000007, 40.797517 ], [ 14.357112, 40.791399 ], [ 14.35191750000007, 40.792842500000063 ], [ 14.338449, 40.804365501000063 ], [ 14.343921, 40.810319500000048 ], [ 14.36033, 40.816107001000034 ], [ 14.355705500000056, 40.828666500000054 ], [ 14.351788, 40.829975499000057 ], [ 14.356183, 40.838283500000045 ], [ 14.383103, 40.838045 ] ] ] ] } },
{ "type": "Feature", "properties": { "nuts_name": "Roccarainola" }, "geometry": { "type": "MultiPolygon", "coordinates": [ [ [ [ 14.565922500000058, 41.015041500000052 ], [ 14.571968, 41.009466500000038 ], [ 14.574145, 41.004330500000037 ], [ 14.574813500000062, 41.000188500000036 ], [ 14.581142500000055, 40.994034500000055 ], [ 14.581764, 40.984106 ], [ 14.57999, 40.975293500000085 ], [ 14.577575, 40.973650500000076 ], [ 14.576752, 40.962991 ], [ 14.550694500000075, 40.962461500000074 ], [ 14.547804, 40.969816501000025 ], [ 14.536001500000053, 40.971883500000047 ], [ 14.529836500000043, 40.97613350000006 ], [ 14.531239, 40.977686500000068 ], [ 14.506381, 40.97431799900005 ], [ 14.495227, 40.979167500000074 ], [ 14.477090500000031, 40.981418500000075 ], [ 14.483411500000045, 40.992374500000039 ], [ 14.49202950000006, 40.994205 ], [ 14.520841500000074, 40.987103499000057 ], [ 14.53418350000004, 40.996733501000051 ], [ 14.532688, 41.003975999000033 ], [ 14.5312, 41.013306500000056 ], [ 14.544289500000049, 41.018012 ], [ 14.565922500000058, 41.015041500000052 ] ] ] ] } },
{ "type": "Feature", "properties": { "nuts_name": "San Gennaro Vesuviano" }, "geometry": { "type": "MultiPolygon", "coordinates": [ [ [ [ 14.531264500000075, 40.873616500000026 ], [ 14.543499500000051, 40.862847 ], [ 14.542258500000058, 40.853921 ], [ 14.531939, 40.831636 ], [ 14.530346500000066, 40.837190500000077 ], [ 14.529549, 40.844336501000043 ], [ 14.526869500000032, 40.847463 ], [ 14.512505500000032, 40.857892 ], [ 14.508336500000041, 40.866871 ], [ 14.513632, 40.874485500000048 ], [ 14.518354500000042, 40.875676500000054 ], [ 14.531264500000075, 40.873616500000026 ] ] ] ] } },
{ "type": "Feature", "properties": { "nuts_name": "San Giorgio a Cremano" }, "geometry": { "type": "MultiPolygon", "coordinates": [ [ [ [ 14.356183, 40.838283500000045 ], [ 14.351788, 40.829975499000057 ], [ 14.349662, 40.827537 ], [ 14.32317050000006, 40.823077500000068 ], [ 14.315590500000042, 40.827643999000031 ], [ 14.339155, 40.845423500000038 ], [ 14.347061, 40.84723450000007 ], [ 14.356183, 40.838283500000045 ] ] ] ] } },
{ "type": "Feature", "properties": { "nuts_name": "San Giuseppe Vesuviano" }, "geometry": { "type": "MultiPolygon", "coordinates": [ [ [ [ 14.501449500000037, 40.840597500000058 ], [ 14.513458, 40.841769001000046 ], [ 14.530346500000066, 40.837190500000077 ], [ 14.531939, 40.831636 ], [ 14.526872500000025, 40.810300500000039 ], [ 14.531842500000039, 40.808432499000048 ], [ 14.530134, 40.805161 ], [ 14.524429500000053, 40.805444 ], [ 14.508252500000024, 40.810955 ], [ 14.503205, 40.817294501000049 ], [ 14.475917, 40.824783 ], [ 14.461396500000037, 40.822538500000064 ], [ 14.448288, 40.824492500000076 ], [ 14.444942500000025, 40.828846 ], [ 14.475107, 40.832879 ], [ 14.487892500000044, 40.83114450000005 ], [ 14.486313500000053, 40.839137500000049 ], [ 14.487903, 40.84375650000004 ], [ 14.501449500000037, 40.840597500000058 ] ] ] ] } },
{ "type": "Feature", "properties": { "nuts_name": "San Paolo Bel Sito" }, "geometry": { "type": "MultiPolygon", "coordinates": [ [ [ [ 14.559845, 40.914158 ], [ 14.562388500000056, 40.912077 ], [ 14.565249, 40.90848599900005 ], [ 14.554679, 40.900013 ], [ 14.55072, 40.904466500000069 ], [ 14.544354, 40.90797850000007 ], [ 14.534473500000049, 40.907372 ], [ 14.534283, 40.911578500000076 ], [ 14.538668, 40.919848 ], [ 14.559845, 40.914158 ] ] ] ] } },
{ "type": "Feature", "properties": { "nuts_name": "San Sebastiano al Vesuvio" }, "geometry": { "type": "MultiPolygon", "coordinates": [ [ [ [ 14.381895, 40.841664500000036 ], [ 14.393623, 40.831606 ], [ 14.383103, 40.838045 ], [ 14.356183, 40.838283500000045 ], [ 14.347061, 40.84723450000007 ], [ 14.349408500000038, 40.848037500000032 ], [ 14.364215500000057, 40.850044 ], [ 14.381895, 40.841664500000036 ] ] ] ] } },
{ "type": "Feature", "properties": { "nuts_name": "Sant'Agnello" }, "geometry": { "type": "MultiPolygon", "coordinates": [ [ [ [ 14.407042, 40.632725500000049 ], [ 14.402145, 40.630304 ], [ 14.41351, 40.617832500000077 ], [ 14.413998500000048, 40.613367 ], [ 14.419016500000055, 40.61012050000005 ], [ 14.406887, 40.599259501000063 ], [ 14.403344, 40.608483500000034 ], [ 14.396208500000057, 40.623853 ], [ 14.387568500000043, 40.633176500000047 ], [ 14.399750500000039, 40.637943500000063 ], [ 14.407042, 40.632725500000049 ] ] ] ] } },
{ "type": "Feature", "properties": { "nuts_name": "Sant'Anastasia" }, "geometry": { "type": "MultiPolygon", "coordinates": [ [ [ [ 14.380350500000079, 40.900361500000031 ], [ 14.378879, 40.898089 ], [ 14.380672, 40.893386 ], [ 14.404229500000042, 40.896359500000081 ], [ 14.413501500000052, 40.893444500000044 ], [ 14.416059500000074, 40.882174500000076 ], [ 14.415597500000047, 40.872391500000049 ], [ 14.423761500000067, 40.843814500000072 ], [ 14.428208, 40.835781500000053 ], [ 14.416948, 40.833454 ], [ 14.416421, 40.836805 ], [ 14.409207, 40.843712 ], [ 14.393379, 40.858423500000072 ], [ 14.386357, 40.86327650000004 ], [ 14.365469, 40.885867500000074 ], [ 14.364941500000043, 40.89280750100005 ], [ 14.376618, 40.900391500000076 ], [ 14.380350500000079, 40.900361500000031 ] ] ] ] } },
{ "type": "Feature", "properties": { "nuts_name": "Sant'Antimo" }, "geometry": { "type": "MultiPolygon", "coordinates": [ [ [ [ 14.241305500000067, 40.954733500000032 ], [ 14.252277, 40.94604 ], [ 14.250025, 40.940488499000033 ], [ 14.24050950000003, 40.939167500000053 ], [ 14.237450500000023, 40.92853 ], [ 14.223220500000025, 40.932512999000039 ], [ 14.214374, 40.949246500000072 ], [ 14.220069, 40.950959500000067 ], [ 14.231952, 40.952877500000056 ], [ 14.232772, 40.95898 ], [ 14.241305500000067, 40.954733500000032 ] ] ] ] } },
{ "type": "Feature", "properties": { "nuts_name": "Sant'Antonio Abate" }, "geometry": { "type": "MultiPolygon", "coordinates": [ [ [ [ 14.547348, 40.737352499000053 ], [ 14.550022, 40.727181001000076 ], [ 14.560745, 40.731691500000068 ], [ 14.565164, 40.722349500000064 ], [ 14.541435500000036, 40.715263500000049 ], [ 14.537491, 40.710556 ], [ 14.51811, 40.707305 ], [ 14.517660500000034, 40.710604500000052 ], [ 14.520524, 40.734737 ], [ 14.537854, 40.736693500000058 ], [ 14.542722, 40.740118500000051 ], [ 14.547348, 40.737352499000053 ] ] ] ] } },
{ "type": "Feature", "properties": { "nuts_name": "San Vitaliano" }, "geometry": { "type": "MultiPolygon", "coordinates": [ [ [ [ 14.478481500000045, 40.945157 ], [ 14.495033500000032, 40.937025499000072 ], [ 14.496736, 40.928733500000078 ], [ 14.500933500000032, 40.928132 ], [ 14.498172500000065, 40.921013 ], [ 14.480932500000051, 40.920674500000075 ], [ 14.469959500000073, 40.909903500000041 ], [ 14.464962, 40.909794 ], [ 14.465906500000074, 40.912942 ], [ 14.474273, 40.925821 ], [ 14.472341500000029, 40.940557500000068 ], [ 14.467810500000041, 40.952986 ], [ 14.472627500000042, 40.958889 ], [ 14.478481500000045, 40.945157 ] ] ] ] } },
{ "type": "Feature", "properties": { "nuts_name": "Saviano" }, "geometry": { "type": "MultiPolygon", "coordinates": [ [ [ [ 14.514476, 40.924576 ], [ 14.522938500000068, 40.913965 ], [ 14.523638, 40.895654 ], [ 14.502592, 40.87447 ], [ 14.48753750000003, 40.87526 ], [ 14.488187, 40.87618 ], [ 14.49072, 40.880146 ], [ 14.483121, 40.883560500000044 ], [ 14.484022, 40.886745 ], [ 14.477646500000048, 40.892986 ], [ 14.47838550000006, 40.898645 ], [ 14.493958, 40.909911500000078 ], [ 14.498172500000065, 40.921013 ], [ 14.500933500000032, 40.928132 ], [ 14.514476, 40.924576 ] ] ] ] } },
{ "type": "Feature", "properties": { "nuts_name": "Scisciano" }, "geometry": { "type": "MultiPolygon", "coordinates": [ [ [ [ 14.493958, 40.909911500000078 ], [ 14.47838550000006, 40.898645 ], [ 14.477646500000048, 40.892986 ], [ 14.484022, 40.886745 ], [ 14.472970500000031, 40.885354 ], [ 14.465568, 40.899497999000062 ], [ 14.464962, 40.909794 ], [ 14.469959500000073, 40.909903500000041 ], [ 14.480932500000051, 40.920674500000075 ], [ 14.498172500000065, 40.921013 ], [ 14.493958, 40.909911500000078 ] ] ] ] } },
{ "type": "Feature", "properties": { "nuts_name": "Serrara Fontana" }, "geometry": { "type": "MultiPolygon", "coordinates": [ [ [ [ 13.90588850000006, 40.729875999000058 ], [ 13.905134500000031, 40.711598500000036 ], [ 13.898291500000028, 40.700958 ], [ 13.886938386000054, 40.700303208000037 ], [ 13.881568500000071, 40.699993499000072 ], [ 13.880746500000043, 40.714409 ], [ 13.883404, 40.726136500000052 ], [ 13.893808500000034, 40.729958 ], [ 13.90588850000006, 40.729875999000058 ] ] ] ] } },
{ "type": "Feature", "properties": { "nuts_name": "Somma Vesuviana" }, "geometry": { "type": "MultiPolygon", "coordinates": [ [ [ [ 14.429099, 40.906346500000048 ], [ 14.465568, 40.899497999000062 ], [ 14.472970500000031, 40.885354 ], [ 14.488187, 40.87618 ], [ 14.48753750000003, 40.87526 ], [ 14.47623, 40.863703500000042 ], [ 14.460687, 40.853010001000037 ], [ 14.456474500000072, 40.847286500000052 ], [ 14.440977500000031, 40.839288 ], [ 14.436422, 40.832809 ], [ 14.428208, 40.835781500000053 ], [ 14.423761500000067, 40.843814500000072 ], [ 14.415597500000047, 40.872391500000049 ], [ 14.416059500000074, 40.882174500000076 ], [ 14.413501500000052, 40.893444500000044 ], [ 14.414961500000061, 40.898160500000074 ], [ 14.417622, 40.895993 ], [ 14.419622, 40.903399001000032 ], [ 14.423031, 40.90308 ], [ 14.425222500000075, 40.90118 ], [ 14.426064, 40.909561 ], [ 14.429566500000021, 40.909937500000069 ], [ 14.429099, 40.906346500000048 ] ] ] ] } },
{ "type": "Feature", "properties": { "nuts_name": "Sorrento" }, "geometry": { "type": "MultiPolygon", "coordinates": [ [ [ [ 14.365403, 40.627519500000062 ], [ 14.387568500000043, 40.633176500000047 ], [ 14.396208500000057, 40.623853 ], [ 14.403344, 40.608483500000034 ], [ 14.406887, 40.599259501000063 ], [ 14.39270750000003, 40.594827500000065 ], [ 14.393678500000021, 40.600307500000042 ], [ 14.391264500000034, 40.605835500000069 ], [ 14.375594, 40.611731500000076 ], [ 14.35968, 40.614422 ], [ 14.346991500000058, 40.627014 ], [ 14.349108500000057, 40.633416 ], [ 14.351587, 40.634550500000046 ], [ 14.361336699000047, 40.62958885200004 ], [ 14.365403, 40.627519500000062 ] ] ] ] } },
{ "type": "Feature", "properties": { "nuts_name": "Striano" }, "geometry": { "type": "MultiPolygon", "coordinates": [ [ [ [ 14.589994, 40.818615 ], [ 14.588166500000058, 40.805555500000025 ], [ 14.574272500000061, 40.800219500000026 ], [ 14.559408500000076, 40.803035 ], [ 14.555318, 40.809720500000026 ], [ 14.561414500000069, 40.824332500000025 ], [ 14.546309500000065, 40.828424 ], [ 14.55166950000006, 40.832554 ], [ 14.563241500000061, 40.831374 ], [ 14.564676, 40.835128500000053 ], [ 14.589994, 40.818615 ] ] ] ] } },
{ "type": "Feature", "properties": { "nuts_name": "Terzigno" }, "geometry": { "type": "MultiPolygon", "coordinates": [ [ [ [ 14.503205, 40.817294501000049 ], [ 14.508252500000024, 40.810955 ], [ 14.524429500000053, 40.805444 ], [ 14.520731, 40.798815500000046 ], [ 14.508407500000033, 40.791794500000037 ], [ 14.49784850000003, 40.77650249900006 ], [ 14.486204, 40.775057500000059 ], [ 14.466447500000072, 40.787809500000037 ], [ 14.436197500000048, 40.809823 ], [ 14.447636500000044, 40.817334500000072 ], [ 14.448288, 40.824492500000076 ], [ 14.461396500000037, 40.822538500000064 ], [ 14.475917, 40.824783 ], [ 14.503205, 40.817294501000049 ] ] ] ] } },
{ "type": "Feature", "properties": { "nuts_name": "Torre Annunziata" }, "geometry": { "type": "MultiPolygon", "coordinates": [ [ [ [ 14.432815500000061, 40.767039 ], [ 14.43716, 40.764737500000081 ], [ 14.435572, 40.762332501000067 ], [ 14.443288500000051, 40.760131 ], [ 14.449966, 40.761020500000029 ], [ 14.463384500000075, 40.763066 ], [ 14.473243500000024, 40.756639500000063 ], [ 14.479247500000042, 40.741756 ], [ 14.470584, 40.728654500000061 ], [ 14.460677500000029, 40.742930500000057 ], [ 14.450109500000053, 40.749564500000076 ], [ 14.443797340000062, 40.752140732000043 ], [ 14.443265, 40.752358 ], [ 14.435738500000069, 40.754953 ], [ 14.425619500000039, 40.751377500000046 ], [ 14.428252, 40.767093001000035 ], [ 14.432815500000061, 40.767039 ] ] ] ] } },
{ "type": "Feature", "properties": { "nuts_name": "Torre del Greco" }, "geometry": { "type": "MultiPolygon", "coordinates": [ [ [ [ 14.43362, 40.788117500000055 ], [ 14.428666500000077, 40.779569 ], [ 14.428252, 40.767093001000035 ], [ 14.425619500000039, 40.751377500000046 ], [ 14.413854, 40.751695 ], [ 14.395617500000071, 40.75932350000005 ], [ 14.357112, 40.791399 ], [ 14.35831150000007, 40.797517 ], [ 14.369915500000047, 40.795290500000078 ], [ 14.391699500000074, 40.813443 ], [ 14.426414500000019, 40.821318999000027 ], [ 14.43362, 40.788117500000055 ] ] ] ] } },
{ "type": "Feature", "properties": { "nuts_name": "Tufino" }, "geometry": { "type": "MultiPolygon", "coordinates": [ [ [ [ 14.58111, 40.961749 ], [ 14.583149, 40.94924 ], [ 14.585338, 40.933917 ], [ 14.573175, 40.939169500000048 ], [ 14.570869, 40.947658001000036 ], [ 14.560420500000076, 40.94567 ], [ 14.560817, 40.948482 ], [ 14.552857, 40.953496500000028 ], [ 14.55541450000004, 40.956841001000043 ], [ 14.550694500000075, 40.962461500000074 ], [ 14.576752, 40.962991 ], [ 14.58111, 40.961749 ] ] ] ] } },
{ "type": "Feature", "properties": { "nuts_name": "Vico Equense" }, "geometry": { "type": "MultiPolygon", "coordinates": [ [ [ [ 14.457485500000077, 40.678245 ], [ 14.459891, 40.673283 ], [ 14.465344500000072, 40.670598 ], [ 14.477149500000055, 40.670892501000026 ], [ 14.490215500000033, 40.664359500000046 ], [ 14.501976, 40.64816 ], [ 14.49719250000004, 40.645956500000068 ], [ 14.48216, 40.647438500000078 ], [ 14.479965, 40.64330699900006 ], [ 14.480679500000065, 40.63693550000005 ], [ 14.465812500000027, 40.634284500000035 ], [ 14.462379, 40.62594450000006 ], [ 14.46862, 40.620201499000082 ], [ 14.448508500000061, 40.61793700100003 ], [ 14.447994500000052, 40.623894500000063 ], [ 14.442435500000046, 40.628380001000039 ], [ 14.431996, 40.628256 ], [ 14.431503, 40.634635 ], [ 14.422023500000025, 40.648745 ], [ 14.420415, 40.647865 ], [ 14.421301500000029, 40.645194500000059 ], [ 14.418962, 40.64468050000005 ], [ 14.408285500000034, 40.651677 ], [ 14.405448490000028, 40.654405222000037 ], [ 14.403630500000075, 40.656153500000073 ], [ 14.417710127000078, 40.661303362000069 ], [ 14.429786500000032, 40.665720500000077 ], [ 14.433202736000055, 40.670019179000064 ], [ 14.435202500000059, 40.672535500000038 ], [ 14.437319500000058, 40.679746500000078 ], [ 14.44180750000004, 40.683334500000058 ], [ 14.457485500000077, 40.678245 ] ] ] ] } },
{ "type": "Feature", "properties": { "nuts_name": "Villaricca" }, "geometry": { "type": "MultiPolygon", "coordinates": [ [ [ [ 14.11944950000003, 40.903417001000037 ], [ 14.11203, 40.902270500000043 ], [ 14.114926500000024, 40.913058 ], [ 14.136266500000033, 40.91570850100004 ], [ 14.150482500000066, 40.913643501000081 ], [ 14.153923500000076, 40.910799 ], [ 14.142183, 40.904464501000064 ], [ 14.11944950000003, 40.903417001000037 ] ] ], [ [ [ 14.206696, 40.922014 ], [ 14.205916, 40.915788 ], [ 14.194041, 40.915558 ], [ 14.169746500000031, 40.916342500000042 ], [ 14.166060500000071, 40.910989 ], [ 14.156119, 40.912124 ], [ 14.154426, 40.915481500000055 ], [ 14.159557500000062, 40.915843501000047 ], [ 14.1573, 40.919913501000053 ], [ 14.164151, 40.922148500000048 ], [ 14.181659, 40.923886500000037 ], [ 14.206696, 40.922014 ] ] ] ] } },
{ "type": "Feature", "properties": { "nuts_name": "Visciano" }, "geometry": { "type": "MultiPolygon", "coordinates": [ [ [ [ 14.610493, 40.929368500000066 ], [ 14.616798500000073, 40.926495 ], [ 14.620458868000071, 40.91274450700007 ], [ 14.617817, 40.912834 ], [ 14.614032500000064, 40.910111 ], [ 14.608419500000027, 40.90941250000003 ], [ 14.601014, 40.91274 ], [ 14.596490500000071, 40.910579 ], [ 14.597133500000041, 40.914229500000033 ], [ 14.59288, 40.91454 ], [ 14.574308500000029, 40.90907 ], [ 14.573533, 40.909354 ], [ 14.571851500000038, 40.925266500000077 ], [ 14.58013950000003, 40.932989001000067 ], [ 14.58795250000003, 40.933522500000038 ], [ 14.610493, 40.929368500000066 ] ] ] ] } },
{ "type": "Feature", "properties": { "nuts_name": "Volla" }, "geometry": { "type": "MultiPolygon", "coordinates": [ [ [ [ 14.354794500000025, 40.896038 ], [ 14.357948500000079, 40.892088500000057 ], [ 14.358229500000052, 40.886144500000057 ], [ 14.362635500000069, 40.876914 ], [ 14.346801500000026, 40.866781500000059 ], [ 14.325738500000057, 40.88028550000007 ], [ 14.330756500000064, 40.893596001000049 ], [ 14.340262, 40.893217 ], [ 14.345354500000042, 40.897289500000056 ], [ 14.354794500000025, 40.896038 ] ] ] ] } },
{ "type": "Feature", "properties": { "nuts_name": "Santa Maria la Carità" }, "geometry": { "type": "MultiPolygon", "coordinates": [ [ [ [ 14.517660500000034, 40.710604500000052 ], [ 14.499247500000026, 40.70758 ], [ 14.498039, 40.722416500000065 ], [ 14.520524, 40.734737 ], [ 14.517660500000034, 40.710604500000052 ] ] ] ] } },
{ "type": "Feature", "properties": { "nuts_name": "Trecase" }, "geometry": { "type": "MultiPolygon", "coordinates": [ [ [ [ 14.433753500000023, 40.804343 ], [ 14.443264500000055, 40.787135 ], [ 14.451183, 40.779929 ], [ 14.452207, 40.769926 ], [ 14.449966, 40.761020500000029 ], [ 14.443288500000051, 40.760131 ], [ 14.435572, 40.762332501000067 ], [ 14.43716, 40.764737500000081 ], [ 14.432815500000061, 40.767039 ], [ 14.428252, 40.767093001000035 ], [ 14.428666500000077, 40.779569 ], [ 14.43362, 40.788117500000055 ], [ 14.426414500000019, 40.821318999000027 ], [ 14.433753500000023, 40.804343 ] ] ] ] } },
{ "type": "Feature", "properties": { "nuts_name": "Massa di Somma" }, "geometry": { "type": "MultiPolygon", "coordinates": [ [ [ [ 14.37839450000007, 40.847994500000027 ], [ 14.389407, 40.846455500000047 ], [ 14.405413, 40.834298 ], [ 14.411716500000066, 40.834951500000045 ], [ 14.415178500000025, 40.832484 ], [ 14.393623, 40.831606 ], [ 14.381895, 40.841664500000036 ], [ 14.364215500000057, 40.850044 ], [ 14.369077500000062, 40.854279500000075 ], [ 14.37839450000007, 40.847994500000027 ] ] ] ] } },
{ "type": "Feature", "properties": { "nuts_name": "Avella" }, "geometry": { "type": "MultiPolygon", "coordinates": [ [ [ [ 14.575989500000048, 41.002193 ], [ 14.583792500000072, 41.003745 ], [ 14.596471, 41.001467500000047 ], [ 14.636112500000024, 40.991131500000051 ], [ 14.650987, 40.990698501000061 ], [ 14.651366500000051, 40.986601500000063 ], [ 14.657296500000029, 40.984545499000035 ], [ 14.663872500000023, 40.981854001000045 ], [ 14.679814500000077, 40.98163 ], [ 14.675138500000061, 40.970320500000071 ], [ 14.652874, 40.968833500000073 ], [ 14.644826, 40.971277001000033 ], [ 14.620486500000029, 40.973172 ], [ 14.631621, 40.965065001000028 ], [ 14.620420500000021, 40.959829501000058 ], [ 14.610131500000021, 40.955452499000046 ], [ 14.60074750000007, 40.955778 ], [ 14.594928500000037, 40.937827 ], [ 14.591029, 40.937262 ], [ 14.590896500000042, 40.941628 ], [ 14.58941450000003, 40.940977500000031 ], [ 14.58795250000003, 40.933522500000038 ], [ 14.585338, 40.933917 ], [ 14.583149, 40.94924 ], [ 14.58111, 40.961749 ], [ 14.576752, 40.962991 ], [ 14.577575, 40.973650500000076 ], [ 14.57999, 40.975293500000085 ], [ 14.581764, 40.984106 ], [ 14.581142500000055, 40.994034500000055 ], [ 14.574813500000062, 41.000188500000036 ], [ 14.574145, 41.004330500000037 ], [ 14.575989500000048, 41.002193 ] ] ] ] } },
{ "type": "Feature", "properties": { "nuts_name": "Baiano" }, "geometry": { "type": "MultiPolygon", "coordinates": [ [ [ [ 14.621571, 40.945536 ], [ 14.630688, 40.934224 ], [ 14.635579500000064, 40.934637 ], [ 14.650655, 40.931979500000068 ], [ 14.657950500000027, 40.918032 ], [ 14.663417500000037, 40.91488650000008 ], [ 14.65547350000003, 40.912338500000033 ], [ 14.627439, 40.914308 ], [ 14.623227428000064, 40.91265072300007 ], [ 14.620744, 40.911673500000063 ], [ 14.620458868000071, 40.91274450700007 ], [ 14.616798500000073, 40.926495 ], [ 14.610493, 40.929368500000066 ], [ 14.610131500000021, 40.955452499000046 ], [ 14.620420500000021, 40.959829501000058 ], [ 14.623284500000068, 40.957623 ], [ 14.623005, 40.948261001000049 ], [ 14.626002, 40.946431500000074 ], [ 14.621571, 40.945536 ] ] ], [ [ [ 14.652399500000058, 40.961885 ], [ 14.639842, 40.961272500000064 ], [ 14.631621, 40.965065001000028 ], [ 14.620486500000029, 40.973172 ], [ 14.644826, 40.971277001000033 ], [ 14.652625, 40.964417 ], [ 14.652399500000058, 40.961885 ] ] ] ] } },
{ "type": "Feature", "properties": { "nuts_name": "Domicella" }, "geometry": { "type": "MultiPolygon", "coordinates": [ [ [ [ 14.600585500000024, 40.894936 ], [ 14.603533500000026, 40.890552500000069 ], [ 14.612827, 40.888753500000064 ], [ 14.603301, 40.881705500000066 ], [ 14.595277500000066, 40.868219 ], [ 14.596354500000075, 40.856756 ], [ 14.587268, 40.868054500000028 ], [ 14.587108, 40.872577 ], [ 14.577198, 40.880501500000037 ], [ 14.559499, 40.887934500000028 ], [ 14.56772, 40.892143499000042 ], [ 14.574745500000063, 40.883937501000048 ], [ 14.592160500000034, 40.892474500000048 ], [ 14.592336, 40.894963999000026 ], [ 14.600585500000024, 40.894936 ] ] ] ] } },
{ "type": "Feature", "properties": { "nuts_name": "Forino" }, "geometry": { "type": "MultiPolygon", "coordinates": [ [ [ [ 14.74982, 40.878083 ], [ 14.748094500000038, 40.875932 ], [ 14.762845, 40.873317 ], [ 14.762730500000032, 40.865360500000065 ], [ 14.758809, 40.860723 ], [ 14.760317500000042, 40.85530250000005 ], [ 14.769464500000026, 40.853937 ], [ 14.772469500000058, 40.849474 ], [ 14.762751500000034, 40.843633001000065 ], [ 14.75380750000005, 40.843162499000073 ], [ 14.735867500000039, 40.836246500000073 ], [ 14.731332500000065, 40.841934 ], [ 14.724728, 40.838360500000078 ], [ 14.706876500000023, 40.838488 ], [ 14.698880500000032, 40.857141 ], [ 14.704577500000029, 40.872207500000059 ], [ 14.713629500000023, 40.873239 ], [ 14.717947500000037, 40.879069 ], [ 14.74982, 40.878083 ] ] ] ] } },
{ "type": "Feature", "properties": { "nuts_name": "Lauro" }, "geometry": { "type": "MultiPolygon", "coordinates": [ [ [ [ 14.628746, 40.895015 ], [ 14.630951, 40.882898 ], [ 14.637979500000029, 40.880514500000061 ], [ 14.638638, 40.883343 ], [ 14.649202500000058, 40.883655001000079 ], [ 14.643787500000029, 40.870674 ], [ 14.625792500000045, 40.875611 ], [ 14.620639500000038, 40.869998 ], [ 14.619856500000028, 40.854464999000072 ], [ 14.614354500000047, 40.848636501000044 ], [ 14.615923500000065, 40.845668 ], [ 14.605582, 40.847567500000032 ], [ 14.596354500000075, 40.856756 ], [ 14.595277500000066, 40.868219 ], [ 14.603301, 40.881705500000066 ], [ 14.612827, 40.888753500000064 ], [ 14.624431500000071, 40.900254 ], [ 14.628746, 40.895015 ] ] ] ] } },
{ "type": "Feature", "properties": { "nuts_name": "Marzano di Nola" }, "geometry": { "type": "MultiPolygon", "coordinates": [ [ [ [ 14.597133500000041, 40.914229500000033 ], [ 14.596490500000071, 40.910579 ], [ 14.592336, 40.894963999000026 ], [ 14.592160500000034, 40.892474500000048 ], [ 14.574745500000063, 40.883937501000048 ], [ 14.56772, 40.892143499000042 ], [ 14.574308500000029, 40.90907 ], [ 14.59288, 40.91454 ], [ 14.597133500000041, 40.914229500000033 ] ] ] ] } },
{ "type": "Feature", "properties": { "nuts_name": "Monteforte Irpino" }, "geometry": { "type": "MultiPolygon", "coordinates": [ [ [ [ 14.688295, 40.925136500000065 ], [ 14.721857500000056, 40.903540500000076 ], [ 14.736653500000045, 40.90305950100003 ], [ 14.747103, 40.906069 ], [ 14.756212500000061, 40.901933500000041 ], [ 14.767823, 40.906822500000033 ], [ 14.763956, 40.901253 ], [ 14.747581500000026, 40.889105500000028 ], [ 14.752918, 40.881096500000069 ], [ 14.74982, 40.878083 ], [ 14.717947500000037, 40.879069 ], [ 14.713629500000023, 40.873239 ], [ 14.704577500000029, 40.872207500000059 ], [ 14.690694, 40.887343500000043 ], [ 14.683262500000069, 40.887396 ], [ 14.67238, 40.896607 ], [ 14.672627500000033, 40.901672 ], [ 14.669702, 40.904904 ], [ 14.664557, 40.915168 ], [ 14.657393, 40.922551500000054 ], [ 14.654325500000029, 40.930201500000074 ], [ 14.666515, 40.931685 ], [ 14.688295, 40.925136500000065 ] ] ] ] } },
{ "type": "Feature", "properties": { "nuts_name": "Montoro Inferiore" }, "geometry": { "type": "MultiPolygon", "coordinates": [ [ [ [ 14.793814500000053, 40.848684500000047 ], [ 14.791537, 40.837681500000031 ], [ 14.776995, 40.833745500000077 ], [ 14.777053, 40.820595001000072 ], [ 14.786447500000065, 40.811944500000045 ], [ 14.786194, 40.80106 ], [ 14.765252, 40.804597 ], [ 14.757053500000039, 40.802481 ], [ 14.745248, 40.801536 ], [ 14.737205500000073, 40.814797 ], [ 14.730266, 40.821327500000052 ], [ 14.741777500000069, 40.828436500000066 ], [ 14.735867500000039, 40.836246500000073 ], [ 14.75380750000005, 40.843162499000073 ], [ 14.762751500000034, 40.843633001000065 ], [ 14.772469500000058, 40.849474 ], [ 14.769464500000026, 40.853937 ], [ 14.774424, 40.850542 ], [ 14.787338, 40.858872 ], [ 14.793814500000053, 40.848684500000047 ] ] ] ] } },
{ "type": "Feature", "properties": { "nuts_name": "Montoro Superiore" }, "geometry": { "type": "MultiPolygon", "coordinates": [ [ [ [ 14.812630500000068, 40.857079 ], [ 14.810214500000029, 40.851453500000048 ], [ 14.811847500000054, 40.83629250000007 ], [ 14.815046500000051, 40.828974500000072 ], [ 14.830193500000066, 40.819196500000032 ], [ 14.840640500000063, 40.809129 ], [ 14.84459, 40.80355 ], [ 14.844624500000066, 40.799609500000031 ], [ 14.836422, 40.793692 ], [ 14.827205500000048, 40.794024500000035 ], [ 14.811616500000071, 40.804746500000078 ], [ 14.799636500000075, 40.802596501000046 ], [ 14.802594, 40.800728 ], [ 14.797883, 40.798521500000049 ], [ 14.786194, 40.80106 ], [ 14.786447500000065, 40.811944500000045 ], [ 14.777053, 40.820595001000072 ], [ 14.776995, 40.833745500000077 ], [ 14.791537, 40.837681500000031 ], [ 14.793814500000053, 40.848684500000047 ], [ 14.787338, 40.858872 ], [ 14.800342, 40.859797 ], [ 14.812630500000068, 40.857079 ] ] ] ] } },
{ "type": "Feature", "properties": { "nuts_name": "Moschiano" }, "geometry": { "type": "MultiPolygon", "coordinates": [ [ [ [ 14.683262500000069, 40.887396 ], [ 14.690694, 40.887343500000043 ], [ 14.704577500000029, 40.872207500000059 ], [ 14.698880500000032, 40.857141 ], [ 14.694288500000029, 40.859398500000054 ], [ 14.686002500000029, 40.855267 ], [ 14.676185500000031, 40.856179501000042 ], [ 14.668254500000044, 40.859595001000059 ], [ 14.656389, 40.871274500000027 ], [ 14.649357500000066, 40.872790500000065 ], [ 14.643787500000029, 40.870674 ], [ 14.649202500000058, 40.883655001000079 ], [ 14.653838500000061, 40.889202 ], [ 14.683262500000069, 40.887396 ] ] ] ] } },
{ "type": "Feature", "properties": { "nuts_name": "Mugnano del Cardinale" }, "geometry": { "type": "MultiPolygon", "coordinates": [ [ [ [ 14.703989500000036, 40.94794 ], [ 14.688295, 40.925136500000065 ], [ 14.666515, 40.931685 ], [ 14.654325500000029, 40.930201500000074 ], [ 14.657393, 40.922551500000054 ], [ 14.664557, 40.915168 ], [ 14.663417500000037, 40.91488650000008 ], [ 14.657950500000027, 40.918032 ], [ 14.650655, 40.931979500000068 ], [ 14.635579500000064, 40.934637 ], [ 14.630688, 40.934224 ], [ 14.621571, 40.945536 ], [ 14.626002, 40.946431500000074 ], [ 14.633741, 40.94924050000003 ], [ 14.634806500000026, 40.945599 ], [ 14.639959500000034, 40.944018499000038 ], [ 14.647803500000066, 40.950106 ], [ 14.676728500000024, 40.946723499000036 ], [ 14.690420500000075, 40.950660500000026 ], [ 14.703989500000036, 40.94794 ] ] ] ] } },
{ "type": "Feature", "properties": { "nuts_name": "Pago del Vallo di Lauro" }, "geometry": { "type": "MultiPolygon", "coordinates": [ [ [ [ 14.608419500000027, 40.90941250000003 ], [ 14.614032500000064, 40.910111 ], [ 14.624431500000071, 40.900254 ], [ 14.612827, 40.888753500000064 ], [ 14.603533500000026, 40.890552500000069 ], [ 14.600585500000024, 40.894936 ], [ 14.592336, 40.894963999000026 ], [ 14.596490500000071, 40.910579 ], [ 14.601014, 40.91274 ], [ 14.608419500000027, 40.90941250000003 ] ] ] ] } },
{ "type": "Feature", "properties": { "nuts_name": "Quadrelle" }, "geometry": { "type": "MultiPolygon", "coordinates": [ [ [ [ 14.682147, 40.958901500000024 ], [ 14.686249, 40.960985 ], [ 14.684916, 40.963891 ], [ 14.708447, 40.953205500000081 ], [ 14.703989500000036, 40.94794 ], [ 14.690420500000075, 40.950660500000026 ], [ 14.676728500000024, 40.946723499000036 ], [ 14.647803500000066, 40.950106 ], [ 14.639959500000034, 40.944018499000038 ], [ 14.634806500000026, 40.945599 ], [ 14.633741, 40.94924050000003 ], [ 14.63900650000005, 40.953414 ], [ 14.655823, 40.954699 ], [ 14.662786, 40.964232 ], [ 14.682147, 40.958901500000024 ] ] ] ] } },
{ "type": "Feature", "properties": { "nuts_name": "Quindici" }, "geometry": { "type": "MultiPolygon", "coordinates": [ [ [ [ 14.643787500000029, 40.870674 ], [ 14.649357500000066, 40.872790500000065 ], [ 14.656389, 40.871274500000027 ], [ 14.668254500000044, 40.859595001000059 ], [ 14.676185500000031, 40.856179501000042 ], [ 14.686002500000029, 40.855267 ], [ 14.694288500000029, 40.859398500000054 ], [ 14.698880500000032, 40.857141 ], [ 14.706876500000023, 40.838488 ], [ 14.68624650000004, 40.841331499000034 ], [ 14.67431, 40.829777 ], [ 14.673748, 40.823607 ], [ 14.676023500000042, 40.821487 ], [ 14.673258500000031, 40.821794500000067 ], [ 14.655056, 40.826026 ], [ 14.652732500000072, 40.830605500000047 ], [ 14.653865, 40.834006500000044 ], [ 14.65159150000005, 40.835603999000057 ], [ 14.638279, 40.836868 ], [ 14.615923500000065, 40.845668 ], [ 14.614354500000047, 40.848636501000044 ], [ 14.619856500000028, 40.854464999000072 ], [ 14.620639500000038, 40.869998 ], [ 14.625792500000045, 40.875611 ], [ 14.643787500000029, 40.870674 ] ] ] ] } },
{ "type": "Feature", "properties": { "nuts_name": "Sirignano" }, "geometry": { "type": "MultiPolygon", "coordinates": [ [ [ [ 14.652874, 40.968833500000073 ], [ 14.675138500000061, 40.970320500000071 ], [ 14.682439500000044, 40.967214 ], [ 14.684916, 40.963891 ], [ 14.686249, 40.960985 ], [ 14.682147, 40.958901500000024 ], [ 14.662786, 40.964232 ], [ 14.655823, 40.954699 ], [ 14.63900650000005, 40.953414 ], [ 14.633741, 40.94924050000003 ], [ 14.626002, 40.946431500000074 ], [ 14.623005, 40.948261001000049 ], [ 14.623284500000068, 40.957623 ], [ 14.620420500000021, 40.959829501000058 ], [ 14.631621, 40.965065001000028 ], [ 14.639842, 40.961272500000064 ], [ 14.652399500000058, 40.961885 ], [ 14.652625, 40.964417 ], [ 14.644826, 40.971277001000033 ], [ 14.652874, 40.968833500000073 ] ] ] ] } },
{ "type": "Feature", "properties": { "nuts_name": "Sperone" }, "geometry": { "type": "MultiPolygon", "coordinates": [ [ [ [ 14.610131500000021, 40.955452499000046 ], [ 14.610493, 40.929368500000066 ], [ 14.58795250000003, 40.933522500000038 ], [ 14.58941450000003, 40.940977500000031 ], [ 14.590896500000042, 40.941628 ], [ 14.591029, 40.937262 ], [ 14.594928500000037, 40.937827 ], [ 14.60074750000007, 40.955778 ], [ 14.610131500000021, 40.955452499000046 ] ] ], [ [ [ 14.690849, 40.97597550100005 ], [ 14.682439500000044, 40.967214 ], [ 14.675138500000061, 40.970320500000071 ], [ 14.679814500000077, 40.98163 ], [ 14.690849, 40.97597550100005 ] ] ] ] } },
{ "type": "Feature", "properties": { "nuts_name": "Taurano" }, "geometry": { "type": "MultiPolygon", "coordinates": [ [ [ [ 14.664557, 40.915168 ], [ 14.669702, 40.904904 ], [ 14.672627500000033, 40.901672 ], [ 14.67238, 40.896607 ], [ 14.683262500000069, 40.887396 ], [ 14.653838500000061, 40.889202 ], [ 14.649202500000058, 40.883655001000079 ], [ 14.638638, 40.883343 ], [ 14.637979500000029, 40.880514500000061 ], [ 14.630951, 40.882898 ], [ 14.628746, 40.895015 ], [ 14.624431500000071, 40.900254 ], [ 14.614032500000064, 40.910111 ], [ 14.617817, 40.912834 ], [ 14.620458868000071, 40.91274450700007 ], [ 14.620744, 40.911673500000063 ], [ 14.623227428000064, 40.91265072300007 ], [ 14.627439, 40.914308 ], [ 14.65547350000003, 40.912338500000033 ], [ 14.663417500000037, 40.91488650000008 ], [ 14.664557, 40.915168 ] ] ] ] } },
{ "type": "Feature", "properties": { "nuts_name": "Amalfi" }, "geometry": { "type": "MultiPolygon", "coordinates": [ [ [ [ 14.598954500000048, 40.632981500000035 ], [ 14.576731500000053, 40.617884999000069 ], [ 14.577967, 40.621073500000087 ], [ 14.575900500000046, 40.622452 ], [ 14.566816, 40.619510999000056 ], [ 14.558694, 40.621146 ], [ 14.556553500000062, 40.628406 ], [ 14.568459, 40.623199 ], [ 14.577195, 40.628655 ], [ 14.580576, 40.636723500000073 ], [ 14.571685, 40.639994500000057 ], [ 14.570272, 40.64270950000008 ], [ 14.572151500000075, 40.646602500000029 ], [ 14.589558500000066, 40.64712250000008 ], [ 14.599474, 40.64259849900003 ], [ 14.60464652300004, 40.636590874000035 ], [ 14.605522500000063, 40.635573500000078 ], [ 14.607874, 40.634388 ], [ 14.598954500000048, 40.632981500000035 ] ] ] ] } },
{ "type": "Feature", "properties": { "nuts_name": "Angri" }, "geometry": { "type": "MultiPolygon", "coordinates": [ [ [ [ 14.571348, 40.764244500000075 ], [ 14.581052, 40.756756999000061 ], [ 14.583202, 40.752025501000048 ], [ 14.584324, 40.744769 ], [ 14.582174, 40.74336 ], [ 14.585767500000031, 40.727999500000067 ], [ 14.581409500000063, 40.726028 ], [ 14.586115, 40.719507 ], [ 14.583841500000062, 40.712145 ], [ 14.579927500000053, 40.709530500000028 ], [ 14.571678, 40.710486500000059 ], [ 14.570521, 40.717998501000068 ], [ 14.567745500000058, 40.722395500000061 ], [ 14.565164, 40.722349500000064 ], [ 14.560745, 40.731691500000068 ], [ 14.550022, 40.727181001000076 ], [ 14.547348, 40.737352499000053 ], [ 14.542722, 40.740118500000051 ], [ 14.557568, 40.746456 ], [ 14.555736, 40.75474550000007 ], [ 14.550530500000038, 40.762469 ], [ 14.554697500000033, 40.768371500000057 ], [ 14.561019500000043, 40.770933500000069 ], [ 14.571348, 40.764244500000075 ] ] ] ] } },
{ "type": "Feature", "properties": { "nuts_name": "Atrani" }, "geometry": { "type": "MultiPolygon", "coordinates": [ [ [ [ 14.610346, 40.636294500000076 ], [ 14.607874, 40.634388 ], [ 14.605522500000063, 40.635573500000078 ], [ 14.60464652300004, 40.636590874000035 ], [ 14.607734662000041, 40.639961952000078 ], [ 14.610346, 40.636294500000076 ] ] ] ] } },
{ "type": "Feature", "properties": { "nuts_name": "Baronissi" }, "geometry": { "type": "MultiPolygon", "coordinates": [ [ [ [ 14.774196, 40.757097 ], [ 14.792457, 40.757716 ], [ 14.802582500000028, 40.744948 ], [ 14.813127, 40.735882 ], [ 14.820091, 40.731308 ], [ 14.821406500000025, 40.726943 ], [ 14.79791750000004, 40.720986 ], [ 14.792430500000023, 40.722864500000071 ], [ 14.769364, 40.73600950000008 ], [ 14.755354, 40.73843050000005 ], [ 14.745854500000064, 40.736105500000065 ], [ 14.742589, 40.73229 ], [ 14.732112, 40.736957500000074 ], [ 14.731486, 40.745505 ], [ 14.742813, 40.744737500000042 ], [ 14.757872, 40.753625999000072 ], [ 14.760539, 40.759551 ], [ 14.768009500000062, 40.761089500000026 ], [ 14.774196, 40.757097 ] ] ] ] } },
{ "type": "Feature", "properties": { "nuts_name": "Bracigliano" }, "geometry": { "type": "MultiPolygon", "coordinates": [ [ [ [ 14.735867500000039, 40.836246500000073 ], [ 14.741777500000069, 40.828436500000066 ], [ 14.730266, 40.821327500000052 ], [ 14.717187500000025, 40.804244 ], [ 14.691281500000059, 40.817204500000059 ], [ 14.685591500000045, 40.816927500000077 ], [ 14.676023500000042, 40.821487 ], [ 14.673748, 40.823607 ], [ 14.67431, 40.829777 ], [ 14.68624650000004, 40.841331499000034 ], [ 14.706876500000023, 40.838488 ], [ 14.724728, 40.838360500000078 ], [ 14.731332500000065, 40.841934 ], [ 14.735867500000039, 40.836246500000073 ] ] ] ] } },
{ "type": "Feature", "properties": { "nuts_name": "Calvanico" }, "geometry": { "type": "MultiPolygon", "coordinates": [ [ [ [ 14.87006350000007, 40.796740501000045 ], [ 14.870403, 40.796306500000071 ], [ 14.871721500000037, 40.78800700100004 ], [ 14.867490500000031, 40.775904 ], [ 14.8546, 40.769980500000031 ], [ 14.853315500000065, 40.760589 ], [ 14.847069, 40.756905500000073 ], [ 14.842645, 40.754334999000037 ], [ 14.820895500000061, 40.762553500000081 ], [ 14.812916, 40.772737499000073 ], [ 14.825515500000051, 40.781129500000077 ], [ 14.828774500000065, 40.790150501000028 ], [ 14.827205500000048, 40.794024500000035 ], [ 14.836422, 40.793692 ], [ 14.844624500000066, 40.799609500000031 ], [ 14.87006350000007, 40.796740501000045 ] ] ] ] } },
{ "type": "Feature", "properties": { "nuts_name": "Castel San Giorgio" }, "geometry": { "type": "MultiPolygon", "coordinates": [ [ [ [ 14.713652500000022, 40.793657501000041 ], [ 14.717332, 40.78675 ], [ 14.716710500000033, 40.78013750000008 ], [ 14.711386, 40.775401 ], [ 14.698159, 40.772978 ], [ 14.694518, 40.76841 ], [ 14.681845, 40.764837001000046 ], [ 14.656547500000045, 40.766946500000074 ], [ 14.652629, 40.771123500000044 ], [ 14.657419, 40.777379 ], [ 14.655692500000042, 40.785749999000075 ], [ 14.66320650000006, 40.79053 ], [ 14.672686, 40.791107 ], [ 14.675587, 40.794223 ], [ 14.689033, 40.795899500000075 ], [ 14.701197, 40.793177 ], [ 14.716929500000051, 40.797955 ], [ 14.713652500000022, 40.793657501000041 ] ] ] ] } },
{ "type": "Feature", "properties": { "nuts_name": "Castiglione del Genovesi" }, "geometry": { "type": "MultiPolygon", "coordinates": [ [ [ [ 14.85088650000006, 40.750653001000046 ], [ 14.853867, 40.736845500000072 ], [ 14.862376500000041, 40.733883 ], [ 14.861288500000057, 40.721511500000076 ], [ 14.854576500000064, 40.720682500000066 ], [ 14.85092, 40.715842999000074 ], [ 14.852131, 40.713137500000073 ], [ 14.855731500000047, 40.712981500000069 ], [ 14.855778, 40.7081 ], [ 14.847752, 40.70754050000005 ], [ 14.836789, 40.707723500000043 ], [ 14.838083, 40.710714 ], [ 14.83583550000003, 40.715144500000065 ], [ 14.82977, 40.725759 ], [ 14.822466, 40.724999 ], [ 14.821406500000025, 40.726943 ], [ 14.820091, 40.731308 ], [ 14.833271500000022, 40.741087500000049 ], [ 14.838796, 40.748769500000037 ], [ 14.84803750000003, 40.753053 ], [ 14.85088650000006, 40.750653001000046 ] ] ] ] } },
{ "type": "Feature", "properties": { "nuts_name": "Cava de' Tirreni" }, "geometry": { "type": "MultiPolygon", "coordinates": [ [ [ [ 14.731486, 40.745505 ], [ 14.732112, 40.736957500000074 ], [ 14.729778500000066, 40.733932 ], [ 14.730805500000029, 40.726558 ], [ 14.73649, 40.714292500000056 ], [ 14.746368, 40.710289 ], [ 14.747340500000064, 40.70662150000004 ], [ 14.736294, 40.691995 ], [ 14.736229, 40.685139 ], [ 14.732946, 40.682791 ], [ 14.711253, 40.686903 ], [ 14.694336500000075, 40.681619500000068 ], [ 14.682089500000075, 40.681379 ], [ 14.679131, 40.674345501000062 ], [ 14.675424500000075, 40.67226450000004 ], [ 14.670346500000051, 40.675039500000025 ], [ 14.667717, 40.677924 ], [ 14.671159500000043, 40.689988500000027 ], [ 14.657723, 40.704454499000065 ], [ 14.660568, 40.712912 ], [ 14.687068, 40.722325500000068 ], [ 14.694124, 40.73619 ], [ 14.70273, 40.739753500000063 ], [ 14.705895, 40.745152 ], [ 14.714012, 40.751734500000055 ], [ 14.72466, 40.751993 ], [ 14.731486, 40.745505 ] ] ] ] } },
{ "type": "Feature", "properties": { "nuts_name": "Cetara" }, "geometry": { "type": "MultiPolygon", "coordinates": [ [ [ [ 14.691782500000043, 40.668324 ], [ 14.697877, 40.663107 ], [ 14.70902, 40.663351500000033 ], [ 14.712683, 40.661612500000047 ], [ 14.707836500000044, 40.65809 ], [ 14.710635, 40.656984500000078 ], [ 14.702188, 40.646115500000064 ], [ 14.701888921000034, 40.645868131000043 ], [ 14.691587500000026, 40.646723500000064 ], [ 14.681864500000076, 40.651867 ], [ 14.674565, 40.66181 ], [ 14.679786, 40.668358 ], [ 14.691782500000043, 40.668324 ] ] ] ] } },
{ "type": "Feature", "properties": { "nuts_name": "Conca dei Marini" }, "geometry": { "type": "MultiPolygon", "coordinates": [ [ [ [ 14.577967, 40.621073500000087 ], [ 14.576731500000053, 40.617884999000069 ], [ 14.576576, 40.614224500000034 ], [ 14.572739, 40.612296 ], [ 14.570161, 40.615361500000063 ], [ 14.554529, 40.613652500000057 ], [ 14.558694, 40.621146 ], [ 14.566816, 40.619510999000056 ], [ 14.575900500000046, 40.622452 ], [ 14.577967, 40.621073500000087 ] ] ] ] } },
{ "type": "Feature", "properties": { "nuts_name": "Corbara" }, "geometry": { "type": "MultiPolygon", "coordinates": [ [ [ [ 14.604763500000045, 40.723853 ], [ 14.610411500000053, 40.715926 ], [ 14.6045, 40.706356499000044 ], [ 14.590655, 40.693967 ], [ 14.577043500000059, 40.701356500000031 ], [ 14.579927500000053, 40.709530500000028 ], [ 14.583841500000062, 40.712145 ], [ 14.586115, 40.719507 ], [ 14.581409500000063, 40.726028 ], [ 14.585767500000031, 40.727999500000067 ], [ 14.595947, 40.728720501000055 ], [ 14.604763500000045, 40.723853 ] ] ] ] } },
{ "type": "Feature", "properties": { "nuts_name": "Fisciano" }, "geometry": { "type": "MultiPolygon", "coordinates": [ [ [ [ 14.827205500000048, 40.794024500000035 ], [ 14.828774500000065, 40.790150501000028 ], [ 14.825515500000051, 40.781129500000077 ], [ 14.812916, 40.772737499000073 ], [ 14.820895500000061, 40.762553500000081 ], [ 14.842645, 40.754334999000037 ], [ 14.847069, 40.756905500000073 ], [ 14.84803750000003, 40.753053 ], [ 14.838796, 40.748769500000037 ], [ 14.833271500000022, 40.741087500000049 ], [ 14.820091, 40.731308 ], [ 14.813127, 40.735882 ], [ 14.802582500000028, 40.744948 ], [ 14.792457, 40.757716 ], [ 14.774196, 40.757097 ], [ 14.768009500000062, 40.761089500000026 ], [ 14.774885500000041, 40.770273500000037 ], [ 14.763796, 40.773161 ], [ 14.758215500000063, 40.777717 ], [ 14.758729, 40.782306500000061 ], [ 14.765546500000028, 40.789051 ], [ 14.765252, 40.804597 ], [ 14.786194, 40.80106 ], [ 14.797883, 40.798521500000049 ], [ 14.802594, 40.800728 ], [ 14.799636500000075, 40.802596501000046 ], [ 14.811616500000071, 40.804746500000078 ], [ 14.827205500000048, 40.794024500000035 ] ] ] ] } },
{ "type": "Feature", "properties": { "nuts_name": "Furore" }, "geometry": { "type": "MultiPolygon", "coordinates": [ [ [ [ 14.558694, 40.621146 ], [ 14.554529, 40.613652500000057 ], [ 14.544508161000069, 40.613461599000061 ], [ 14.539175, 40.61336 ], [ 14.537616500000068, 40.624142 ], [ 14.556553500000062, 40.628406 ], [ 14.558694, 40.621146 ] ] ] ] } },
{ "type": "Feature", "properties": { "nuts_name": "Giffoni Sei Casali" }, "geometry": { "type": "MultiPolygon", "coordinates": [ [ [ [ 14.905637, 40.760836500000039 ], [ 14.921707500000025, 40.737137001000072 ], [ 14.923669500000074, 40.729992 ], [ 14.913516, 40.705300500000078 ], [ 14.898543500000073, 40.688695500000051 ], [ 14.884041500000023, 40.682713 ], [ 14.887193500000025, 40.702504500000032 ], [ 14.897783500000061, 40.712396500000068 ], [ 14.870953, 40.733063 ], [ 14.862376500000041, 40.733883 ], [ 14.853867, 40.736845500000072 ], [ 14.85088650000006, 40.750653001000046 ], [ 14.84803750000003, 40.753053 ], [ 14.847069, 40.756905500000073 ], [ 14.853315500000065, 40.760589 ], [ 14.8546, 40.769980500000031 ], [ 14.867490500000031, 40.775904 ], [ 14.871721500000037, 40.78800700100004 ], [ 14.905637, 40.760836500000039 ] ] ] ] } },
{ "type": "Feature", "properties": { "nuts_name": "Giffoni Valle Piana" }, "geometry": { "type": "MultiPolygon", "coordinates": [ [ [ [ 14.918476500000056, 40.801152500000057 ], [ 14.934095500000069, 40.795198500000026 ], [ 14.940952500000037, 40.789704501000081 ], [ 14.963769500000069, 40.787906500000076 ], [ 14.978055500000041, 40.785666500000048 ], [ 14.988156, 40.788537500000075 ], [ 14.99128, 40.780415 ], [ 15.007956500000034, 40.776984 ], [ 15.009224, 40.773119 ], [ 15.005397500000072, 40.767009500000029 ], [ 15.008300500000075, 40.754913001000034 ], [ 15.00754, 40.746027501000071 ], [ 15.003655, 40.737301 ], [ 14.996087, 40.733842499000048 ], [ 14.991122500000074, 40.736495500000046 ], [ 14.979503500000021, 40.734975500000083 ], [ 14.95591, 40.719776 ], [ 14.951549500000057, 40.707804 ], [ 14.957646, 40.708298500000069 ], [ 14.956504, 40.702984 ], [ 14.952213, 40.697485499000038 ], [ 14.943008500000076, 40.688500500000032 ], [ 14.941177, 40.683986 ], [ 14.934388500000068, 40.681424500000048 ], [ 14.904265500000065, 40.676420499000074 ], [ 14.896057500000039, 40.675609500000064 ], [ 14.893926, 40.660166500000066 ], [ 14.8829, 40.661275500000045 ], [ 14.873085500000061, 40.651897 ], [ 14.872492500000021, 40.665245500000026 ], [ 14.868766500000049, 40.664513 ], [ 14.867498, 40.671724999000048 ], [ 14.884041500000023, 40.682713 ], [ 14.898543500000073, 40.688695500000051 ], [ 14.913516, 40.705300500000078 ], [ 14.923669500000074, 40.729992 ], [ 14.921707500000025, 40.737137001000072 ], [ 14.905637, 40.760836500000039 ], [ 14.871721500000037, 40.78800700100004 ], [ 14.870403, 40.796306500000071 ], [ 14.918713, 40.810421 ], [ 14.918476500000056, 40.801152500000057 ] ] ] ] } },
{ "type": "Feature", "properties": { "nuts_name": "Maiori" }, "geometry": { "type": "MultiPolygon", "coordinates": [ [ [ [ 14.663714500000026, 40.671553500000073 ], [ 14.670346500000051, 40.675039500000025 ], [ 14.675424500000075, 40.67226450000004 ], [ 14.679786, 40.668358 ], [ 14.674565, 40.66181 ], [ 14.681864500000076, 40.651867 ], [ 14.691587500000026, 40.646723500000064 ], [ 14.701888921000034, 40.645868131000043 ], [ 14.692414500000043, 40.634066 ], [ 14.680487, 40.632811 ], [ 14.633576, 40.648543999000026 ], [ 14.634109, 40.658859500000062 ], [ 14.627404, 40.664746501000025 ], [ 14.625515, 40.673193 ], [ 14.625573, 40.67475199900008 ], [ 14.637047, 40.675581500000078 ], [ 14.663714500000026, 40.671553500000073 ] ] ] ] } },
{ "type": "Feature", "properties": { "nuts_name": "Mercato San Severino" }, "geometry": { "type": "MultiPolygon", "coordinates": [ [ [ [ 14.737205500000073, 40.814797 ], [ 14.745248, 40.801536 ], [ 14.757053500000039, 40.802481 ], [ 14.765252, 40.804597 ], [ 14.765546500000028, 40.789051 ], [ 14.758729, 40.782306500000061 ], [ 14.758215500000063, 40.777717 ], [ 14.763796, 40.773161 ], [ 14.774885500000041, 40.770273500000037 ], [ 14.768009500000062, 40.761089500000026 ], [ 14.760539, 40.759551 ], [ 14.757872, 40.753625999000072 ], [ 14.742813, 40.744737500000042 ], [ 14.731486, 40.745505 ], [ 14.72466, 40.751993 ], [ 14.714012, 40.751734500000055 ], [ 14.694518, 40.76841 ], [ 14.698159, 40.772978 ], [ 14.711386, 40.775401 ], [ 14.716710500000033, 40.78013750000008 ], [ 14.717332, 40.78675 ], [ 14.713652500000022, 40.793657501000041 ], [ 14.716929500000051, 40.797955 ], [ 14.717187500000025, 40.804244 ], [ 14.730266, 40.821327500000052 ], [ 14.737205500000073, 40.814797 ] ] ] ] } },
{ "type": "Feature", "properties": { "nuts_name": "Minori" }, "geometry": { "type": "MultiPolygon", "coordinates": [ [ [ [ 14.627404, 40.664746501000025 ], [ 14.634109, 40.658859500000062 ], [ 14.633576, 40.648543999000026 ], [ 14.624961500000042, 40.647723500000041 ], [ 14.619448, 40.653252 ], [ 14.615987, 40.668855 ], [ 14.625515, 40.673193 ], [ 14.627404, 40.664746501000025 ] ] ] ] } },
{ "type": "Feature", "properties": { "nuts_name": "Nocera Inferiore" }, "geometry": { "type": "MultiPolygon", "coordinates": [ [ [ [ 14.655692500000042, 40.785749999000075 ], [ 14.657419, 40.777379 ], [ 14.652629, 40.771123500000044 ], [ 14.656547500000045, 40.766946500000074 ], [ 14.657407, 40.765901500000041 ], [ 14.659635500000036, 40.756258500000065 ], [ 14.655482500000062, 40.739146500000061 ], [ 14.654841500000034, 40.723699 ], [ 14.656793, 40.715019500000039 ], [ 14.644014500000027, 40.72015250100003 ], [ 14.625958, 40.722004 ], [ 14.629359, 40.740517500000067 ], [ 14.627046, 40.751816 ], [ 14.618380500000056, 40.757132500000068 ], [ 14.610719500000073, 40.768475500000079 ], [ 14.610655, 40.781563499000072 ], [ 14.632436, 40.779752500000029 ], [ 14.632517500000063, 40.782147500000065 ], [ 14.644168, 40.782102999000074 ], [ 14.649475, 40.790021 ], [ 14.655692500000042, 40.785749999000075 ] ] ] ] } },
{ "type": "Feature", "properties": { "nuts_name": "Nocera Superiore" }, "geometry": { "type": "MultiPolygon", "coordinates": [ [ [ [ 14.666679, 40.762407 ], [ 14.669274, 40.757548500000041 ], [ 14.67567950000006, 40.753614 ], [ 14.697718500000065, 40.75279 ], [ 14.700064, 40.747281500000042 ], [ 14.705895, 40.745152 ], [ 14.70273, 40.739753500000063 ], [ 14.694124, 40.73619 ], [ 14.687068, 40.722325500000068 ], [ 14.660568, 40.712912 ], [ 14.656793, 40.715019500000039 ], [ 14.654841500000034, 40.723699 ], [ 14.655482500000062, 40.739146500000061 ], [ 14.659635500000036, 40.756258500000065 ], [ 14.657407, 40.765901500000041 ], [ 14.666679, 40.762407 ] ] ] ] } },
{ "type": "Feature", "properties": { "nuts_name": "Pagani" }, "geometry": { "type": "MultiPolygon", "coordinates": [ [ [ [ 14.610655, 40.781563499000072 ], [ 14.610719500000073, 40.768475500000079 ], [ 14.618380500000056, 40.757132500000068 ], [ 14.627046, 40.751816 ], [ 14.629359, 40.740517500000067 ], [ 14.625958, 40.722004 ], [ 14.622438500000044, 40.72236999900008 ], [ 14.612493, 40.726519 ], [ 14.610826, 40.734014 ], [ 14.596092, 40.753942001000041 ], [ 14.587481500000024, 40.76107199900008 ], [ 14.578362500000026, 40.764854501000059 ], [ 14.587772, 40.763092 ], [ 14.592402500000048, 40.766547 ], [ 14.600463, 40.777527500000076 ], [ 14.598501, 40.782547500000078 ], [ 14.610655, 40.781563499000072 ] ] ] ] } },
{ "type": "Feature", "properties": { "nuts_name": "Pellezzano" }, "geometry": { "type": "MultiPolygon", "coordinates": [ [ [ [ 14.769364, 40.73600950000008 ], [ 14.792430500000023, 40.722864500000071 ], [ 14.778390500000057, 40.715250500000025 ], [ 14.775166, 40.694755 ], [ 14.760913500000074, 40.695131500000059 ], [ 14.747340500000064, 40.70662150000004 ], [ 14.746368, 40.710289 ], [ 14.73649, 40.714292500000056 ], [ 14.730805500000029, 40.726558 ], [ 14.729778500000066, 40.733932 ], [ 14.732112, 40.736957500000074 ], [ 14.742589, 40.73229 ], [ 14.745854500000064, 40.736105500000065 ], [ 14.755354, 40.73843050000005 ], [ 14.769364, 40.73600950000008 ] ] ] ] } },
{ "type": "Feature", "properties": { "nuts_name": "Positano" }, "geometry": { "type": "MultiPolygon", "coordinates": [ [ [ [ 14.509469, 40.645654 ], [ 14.512506500000029, 40.63985 ], [ 14.509607500000074, 40.635280499000032 ], [ 14.510316500000043, 40.630452500000047 ], [ 14.517915500000072, 40.621902500000033 ], [ 14.51085, 40.619977 ], [ 14.492583, 40.62737050000004 ], [ 14.474868500000071, 40.624041 ], [ 14.46862, 40.620201499000082 ], [ 14.462379, 40.62594450000006 ], [ 14.465812500000027, 40.634284500000035 ], [ 14.480679500000065, 40.63693550000005 ], [ 14.479965, 40.64330699900006 ], [ 14.48216, 40.647438500000078 ], [ 14.49719250000004, 40.645956500000068 ], [ 14.501976, 40.64816 ], [ 14.509469, 40.645654 ] ] ] ] } },
{ "type": "Feature", "properties": { "nuts_name": "Praiano" }, "geometry": { "type": "MultiPolygon", "coordinates": [ [ [ [ 14.539175, 40.61336 ], [ 14.528490500000032, 40.607152500000041 ], [ 14.52238, 40.608922 ], [ 14.518634, 40.616284 ], [ 14.51085, 40.619977 ], [ 14.517915500000072, 40.621902500000033 ], [ 14.537616500000068, 40.624142 ], [ 14.539175, 40.61336 ] ] ] ] } },
{ "type": "Feature", "properties": { "nuts_name": "Ravello" }, "geometry": { "type": "MultiPolygon", "coordinates": [ [ [ [ 14.625573, 40.67475199900008 ], [ 14.625515, 40.673193 ], [ 14.615987, 40.668855 ], [ 14.619448, 40.653252 ], [ 14.624961500000042, 40.647723500000041 ], [ 14.618332654000028, 40.642539888000044 ], [ 14.610346, 40.636294500000076 ], [ 14.607734662000041, 40.639961952000078 ], [ 14.606505, 40.641688999000053 ], [ 14.611784500000056, 40.657091500000035 ], [ 14.606608500000052, 40.66211050000004 ], [ 14.600634, 40.678011500000025 ], [ 14.597139, 40.684627 ], [ 14.589318, 40.688059 ], [ 14.586298, 40.678996 ], [ 14.577826500000073, 40.678903 ], [ 14.580532500000061, 40.68554 ], [ 14.590299, 40.69028 ], [ 14.602641, 40.686637 ], [ 14.61429, 40.688009500000085 ], [ 14.621298, 40.685691500000075 ], [ 14.620387, 40.679380500000036 ], [ 14.625573, 40.67475199900008 ] ] ] ] } },
{ "type": "Feature", "properties": { "nuts_name": "Roccapiemonte" }, "geometry": { "type": "MultiPolygon", "coordinates": [ [ [ [ 14.714012, 40.751734500000055 ], [ 14.705895, 40.745152 ], [ 14.700064, 40.747281500000042 ], [ 14.697718500000065, 40.75279 ], [ 14.67567950000006, 40.753614 ], [ 14.669274, 40.757548500000041 ], [ 14.666679, 40.762407 ], [ 14.657407, 40.765901500000041 ], [ 14.656547500000045, 40.766946500000074 ], [ 14.681845, 40.764837001000046 ], [ 14.694518, 40.76841 ], [ 14.714012, 40.751734500000055 ] ] ] ] } },
{ "type": "Feature", "properties": { "nuts_name": "Salerno" }, "geometry": { "type": "MultiPolygon", "coordinates": [ [ [ [ 14.822466, 40.724999 ], [ 14.829674, 40.698632 ], [ 14.833138500000075, 40.690701 ], [ 14.841163500000052, 40.685172 ], [ 14.854264500000058, 40.682263500000033 ], [ 14.852885500000069, 40.677555 ], [ 14.857423, 40.663362500000062 ], [ 14.861303500000076, 40.663403500000072 ], [ 14.867498, 40.671724999000048 ], [ 14.868766500000049, 40.664513 ], [ 14.872492500000021, 40.665245500000026 ], [ 14.873085500000061, 40.651897 ], [ 14.868086500000061, 40.643879500000025 ], [ 14.856227, 40.631768001000076 ], [ 14.839256, 40.625984 ], [ 14.808911, 40.651843500000041 ], [ 14.787251500000025, 40.666180500000053 ], [ 14.758051500000022, 40.677658 ], [ 14.753761550000036, 40.675821124000038 ], [ 14.75209863600003, 40.675109096000028 ], [ 14.747420500000034, 40.677646500000037 ], [ 14.734784500000048, 40.670576499000049 ], [ 14.736229, 40.685139 ], [ 14.736294, 40.691995 ], [ 14.747340500000064, 40.70662150000004 ], [ 14.760913500000074, 40.695131500000059 ], [ 14.775166, 40.694755 ], [ 14.778390500000057, 40.715250500000025 ], [ 14.792430500000023, 40.722864500000071 ], [ 14.79791750000004, 40.720986 ], [ 14.821406500000025, 40.726943 ], [ 14.822466, 40.724999 ] ] ] ] } },
{ "type": "Feature", "properties": { "nuts_name": "San Cipriano Picentino" }, "geometry": { "type": "MultiPolygon", "coordinates": [ [ [ [ 14.870953, 40.733063 ], [ 14.897783500000061, 40.712396500000068 ], [ 14.887193500000025, 40.702504500000032 ], [ 14.884041500000023, 40.682713 ], [ 14.867498, 40.671724999000048 ], [ 14.861303500000076, 40.663403500000072 ], [ 14.857423, 40.663362500000062 ], [ 14.852885500000069, 40.677555 ], [ 14.854264500000058, 40.682263500000033 ], [ 14.85674350000005, 40.698837499000035 ], [ 14.854334500000052, 40.70171 ], [ 14.850121500000055, 40.705711 ], [ 14.847752, 40.70754050000005 ], [ 14.855778, 40.7081 ], [ 14.855731500000047, 40.712981500000069 ], [ 14.852131, 40.713137500000073 ], [ 14.85092, 40.715842999000074 ], [ 14.854576500000064, 40.720682500000066 ], [ 14.861288500000057, 40.721511500000076 ], [ 14.862376500000041, 40.733883 ], [ 14.870953, 40.733063 ] ] ] ] } },
{ "type": "Feature", "properties": { "nuts_name": "San Mango Piemonte" }, "geometry": { "type": "MultiPolygon", "coordinates": [ [ [ [ 14.83583550000003, 40.715144500000065 ], [ 14.838083, 40.710714 ], [ 14.836789, 40.707723500000043 ], [ 14.847752, 40.70754050000005 ], [ 14.850121500000055, 40.705711 ], [ 14.854334500000052, 40.70171 ], [ 14.85674350000005, 40.698837499000035 ], [ 14.854264500000058, 40.682263500000033 ], [ 14.841163500000052, 40.685172 ], [ 14.833138500000075, 40.690701 ], [ 14.829674, 40.698632 ], [ 14.822466, 40.724999 ], [ 14.82977, 40.725759 ], [ 14.83583550000003, 40.715144500000065 ] ] ] ] } },
{ "type": "Feature", "properties": { "nuts_name": "San Marzano sul Sarno" }, "geometry": { "type": "MultiPolygon", "coordinates": [ [ [ [ 14.598501, 40.782547500000078 ], [ 14.600463, 40.777527500000076 ], [ 14.592402500000048, 40.766547 ], [ 14.587772, 40.763092 ], [ 14.578362500000026, 40.764854501000059 ], [ 14.571348, 40.764244500000075 ], [ 14.561019500000043, 40.770933500000069 ], [ 14.566094, 40.777764 ], [ 14.575756500000068, 40.780928500000073 ], [ 14.576592500000059, 40.783543500000064 ], [ 14.598501, 40.782547500000078 ] ] ] ] } },
{ "type": "Feature", "properties": { "nuts_name": "Sant'Egidio del Monte Albino" }, "geometry": { "type": "MultiPolygon", "coordinates": [ [ [ [ 14.587481500000024, 40.76107199900008 ], [ 14.596092, 40.753942001000041 ], [ 14.610826, 40.734014 ], [ 14.612493, 40.726519 ], [ 14.622438500000044, 40.72236999900008 ], [ 14.610411500000053, 40.715926 ], [ 14.604763500000045, 40.723853 ], [ 14.595947, 40.728720501000055 ], [ 14.585767500000031, 40.727999500000067 ], [ 14.582174, 40.74336 ], [ 14.584324, 40.744769 ], [ 14.583202, 40.752025501000048 ], [ 14.581052, 40.756756999000061 ], [ 14.571348, 40.764244500000075 ], [ 14.578362500000026, 40.764854501000059 ], [ 14.587481500000024, 40.76107199900008 ] ] ] ] } },
{ "type": "Feature", "properties": { "nuts_name": "San Valentino Torio" }, "geometry": { "type": "MultiPolygon", "coordinates": [ [ [ [ 14.600038500000039, 40.800635 ], [ 14.611418500000068, 40.794809501000032 ], [ 14.625858, 40.794577 ], [ 14.630333500000061, 40.791301500000031 ], [ 14.632517500000063, 40.782147500000065 ], [ 14.632436, 40.779752500000029 ], [ 14.610655, 40.781563499000072 ], [ 14.598501, 40.782547500000078 ], [ 14.576592500000059, 40.783543500000064 ], [ 14.575979, 40.786828 ], [ 14.574272500000061, 40.800219500000026 ], [ 14.588166500000058, 40.805555500000025 ], [ 14.597911, 40.805635500000051 ], [ 14.600038500000039, 40.800635 ] ] ] ] } },
{ "type": "Feature", "properties": { "nuts_name": "Sarno" }, "geometry": { "type": "MultiPolygon", "coordinates": [ [ [ [ 14.615923500000065, 40.845668 ], [ 14.638279, 40.836868 ], [ 14.65159150000005, 40.835603999000057 ], [ 14.653865, 40.834006500000044 ], [ 14.652732500000072, 40.830605500000047 ], [ 14.655056, 40.826026 ], [ 14.673258500000031, 40.821794500000067 ], [ 14.668778, 40.814251 ], [ 14.668378500000074, 40.806339500000036 ], [ 14.675587, 40.794223 ], [ 14.672686, 40.791107 ], [ 14.66320650000006, 40.79053 ], [ 14.655692500000042, 40.785749999000075 ], [ 14.649475, 40.790021 ], [ 14.644168, 40.782102999000074 ], [ 14.632517500000063, 40.782147500000065 ], [ 14.630333500000061, 40.791301500000031 ], [ 14.625858, 40.794577 ], [ 14.611418500000068, 40.794809501000032 ], [ 14.600038500000039, 40.800635 ], [ 14.597911, 40.805635500000051 ], [ 14.588166500000058, 40.805555500000025 ], [ 14.589994, 40.818615 ], [ 14.564676, 40.835128500000053 ], [ 14.571168500000056, 40.847129500000051 ], [ 14.605582, 40.847567500000032 ], [ 14.615923500000065, 40.845668 ] ] ] ] } },
{ "type": "Feature", "properties": { "nuts_name": "Scafati" }, "geometry": { "type": "MultiPolygon", "coordinates": [ [ [ [ 14.575979, 40.786828 ], [ 14.576592500000059, 40.783543500000064 ], [ 14.575756500000068, 40.780928500000073 ], [ 14.566094, 40.777764 ], [ 14.561019500000043, 40.770933500000069 ], [ 14.554697500000033, 40.768371500000057 ], [ 14.550530500000038, 40.762469 ], [ 14.555736, 40.75474550000007 ], [ 14.557568, 40.746456 ], [ 14.542722, 40.740118500000051 ], [ 14.537854, 40.736693500000058 ], [ 14.520524, 40.734737 ], [ 14.517809500000057, 40.737951 ], [ 14.508358500000043, 40.737735499000053 ], [ 14.505478500000038, 40.740241001000072 ], [ 14.514357, 40.746297500000026 ], [ 14.510831, 40.76512 ], [ 14.507319500000051, 40.769197500000075 ], [ 14.507053, 40.772921500000052 ], [ 14.520431, 40.778181 ], [ 14.535821, 40.780242 ], [ 14.544891500000062, 40.778099 ], [ 14.550822, 40.789393499000028 ], [ 14.552756500000045, 40.792641500000059 ], [ 14.575979, 40.786828 ] ] ] ] } },
{ "type": "Feature", "properties": { "nuts_name": "Scala" }, "geometry": { "type": "MultiPolygon", "coordinates": [ [ [ [ 14.600634, 40.678011500000025 ], [ 14.606608500000052, 40.66211050000004 ], [ 14.611784500000056, 40.657091500000035 ], [ 14.606505, 40.641688999000053 ], [ 14.607734662000041, 40.639961952000078 ], [ 14.60464652300004, 40.636590874000035 ], [ 14.599474, 40.64259849900003 ], [ 14.589558500000066, 40.64712250000008 ], [ 14.572151500000075, 40.646602500000029 ], [ 14.570566500000043, 40.650235 ], [ 14.563085500000058, 40.654711 ], [ 14.555223, 40.667872500000044 ], [ 14.55721, 40.670249500000068 ], [ 14.57232, 40.670041 ], [ 14.574581500000022, 40.677268499000036 ], [ 14.577826500000073, 40.678903 ], [ 14.586298, 40.678996 ], [ 14.589318, 40.688059 ], [ 14.597139, 40.684627 ], [ 14.600634, 40.678011500000025 ] ] ] ] } },
{ "type": "Feature", "properties": { "nuts_name": "Siano" }, "geometry": { "type": "MultiPolygon", "coordinates": [ [ [ [ 14.676023500000042, 40.821487 ], [ 14.685591500000045, 40.816927500000077 ], [ 14.691281500000059, 40.817204500000059 ], [ 14.717187500000025, 40.804244 ], [ 14.716929500000051, 40.797955 ], [ 14.701197, 40.793177 ], [ 14.689033, 40.795899500000075 ], [ 14.675587, 40.794223 ], [ 14.668378500000074, 40.806339500000036 ], [ 14.668778, 40.814251 ], [ 14.673258500000031, 40.821794500000067 ], [ 14.676023500000042, 40.821487 ] ] ] ] } },
{ "type": "Feature", "properties": { "nuts_name": "Tramonti" }, "geometry": { "type": "MultiPolygon", "coordinates": [ [ [ [ 14.625958, 40.722004 ], [ 14.644014500000027, 40.72015250100003 ], [ 14.656793, 40.715019500000039 ], [ 14.660568, 40.712912 ], [ 14.657723, 40.704454499000065 ], [ 14.671159500000043, 40.689988500000027 ], [ 14.667717, 40.677924 ], [ 14.670346500000051, 40.675039500000025 ], [ 14.663714500000026, 40.671553500000073 ], [ 14.637047, 40.675581500000078 ], [ 14.625573, 40.67475199900008 ], [ 14.620387, 40.679380500000036 ], [ 14.621298, 40.685691500000075 ], [ 14.61429, 40.688009500000085 ], [ 14.602641, 40.686637 ], [ 14.590299, 40.69028 ], [ 14.590655, 40.693967 ], [ 14.6045, 40.706356499000044 ], [ 14.610411500000053, 40.715926 ], [ 14.622438500000044, 40.72236999900008 ], [ 14.625958, 40.722004 ] ] ] ] } },
{ "type": "Feature", "properties": { "nuts_name": "Vietri sul Mare" }, "geometry": { "type": "MultiPolygon", "coordinates": [ [ [ [ 14.732946, 40.682791 ], [ 14.736229, 40.685139 ], [ 14.734784500000048, 40.670576499000049 ], [ 14.719084, 40.666790500000047 ], [ 14.710635, 40.656984500000078 ], [ 14.707836500000044, 40.65809 ], [ 14.712683, 40.661612500000047 ], [ 14.70902, 40.663351500000033 ], [ 14.697877, 40.663107 ], [ 14.691782500000043, 40.668324 ], [ 14.679786, 40.668358 ], [ 14.675424500000075, 40.67226450000004 ], [ 14.679131, 40.674345501000062 ], [ 14.682089500000075, 40.681379 ], [ 14.694336500000075, 40.681619500000068 ], [ 14.711253, 40.686903 ], [ 14.732946, 40.682791 ] ] ] ] } }
]
}
